province_id,ordre_bulletin,candidat_id,nom,postnom,prenom,sigle,sexe,province,voixobtenues,pour_cand,bv_traites,bv_attendus,pour_bv,electeurs_attendus,bulletins_valides,bulletins_blancs,total_votants,pour_votants,img
1,11,1_1_1_150_270,KIKUNI,MASUDI,SETH,INDEPENDANT,M,Kinshasa,460,0.03,7414,8287,89,5078483,1756303,6767,1763070,34.72,
1,19,1_1_1_141_261,TSHIANI K,MUADIAMVITA,NOEL,INDEPENDANT,M,Kinshasa,767,0.04,7414,8287,89,5078483,1756303,6767,1763070,34.72,
1,24,1_1_1_133_253,MUZITO,FUMUTSHI,ADOLPHE,NOU.EL,M,Kinshasa,7645,0.44,7414,8287,89,5078483,1756303,6767,1763070,34.72,
1,21,1_1_1_137_257,FAYULU,MADIDI,MARTIN,LAMUKAFAYULU,M,Kinshasa,210169,11.97,7414,8287,89,5078483,1756303,6767,1763070,34.72,
1,20,1_1_1_143_263,TSHISEKEDI,TSHILOMBO,FELIX ANTOINE,INDEPENDANT,M,Kinshasa,1382802,78.73,7414,8287,89,5078483,1756303,6767,1763070,34.72,
1,6,1_1_1_148_268,BAENDE,ETAFE ELIKO,JEAN CLAUDE,INDEPENDANT,M,Kinshasa,898,0.05,7414,8287,89,5078483,1756303,6767,1763070,34.72,
1,18,1_1_1_144_264,NKEMA LILOO,BOKONZI,LOLI,INDEPENDANT,M,Kinshasa,518,0.03,7414,8287,89,5078483,1756303,6767,1763070,34.72,
1,12,1_1_1_151_271,MAJONDO,MWAMBA,PATRICE,INDEPENDANT,M,Kinshasa,398,0.02,7414,8287,89,5078483,1756303,6767,1763070,34.72,
1,15,1_1_1_134_254,MUKWEGE,MUKENGERE,DENIS,INDEPENDANT,M,Kinshasa,2811,0.16,7414,8287,89,5078483,1756303,6767,1763070,34.72,
1,16,1_1_1_136_256,NGALASI,KURISINI,AGGREY,INDEPENDANT,M,Kinshasa,13929,0.79,7414,8287,89,5078483,1756303,6767,1763070,34.72,
1,14,1_1_1_138_258,MUDEKEREZA,BISIMWA,JUSTIN,INDEPENDANT,M,Kinshasa,375,0.02,7414,8287,89,5078483,1756303,6767,1763070,34.72,
1,3,1_1_1_135_255,KATUMBI,CHAPWE,MOISE,ENSEMBLE,M,Kinshasa,123820,7.05,7414,8287,89,5078483,1756303,6767,1763070,34.72,
1,9,1_1_1_139_259,IFOKU,MPUTA MPUNGA,MARIE-JOSEE,INDEPENDANT,F,Kinshasa,1971,0.11,7414,8287,89,5078483,1756303,6767,1763070,34.72,
1,13,1_1_1_147_267,MASALU,ANEDU,ANDRE,INDEPENDANT,M,Kinshasa,617,0.04,7414,8287,89,5078483,1756303,6767,1763070,34.72,
1,2,1_1_1_129_249,MUTAMBA,TUNGUNGA,CONSTANT,DYPRO,M,Kinshasa,2863,0.16,7414,8287,89,5078483,1756303,6767,1763070,34.72,
1,7,1_1_1_142_262,BOLAMBA,,TONY CASSIUS,INDEPENDANT,M,Kinshasa,388,0.02,7414,8287,89,5078483,1756303,6767,1763070,34.72,
1,25,1_1_1_152_272,BILE,BATALI,JOELLE,INDEPENDANT,F,Kinshasa,585,0.03,7414,8287,89,5078483,1756303,6767,1763070,34.72,
1,26,1_1_1_153_273,NGILA,,HENOCK,INDEPENDANT,M,Kinshasa,217,0.01,7414,8287,89,5078483,1756303,6767,1763070,34.72,
1,22,1_1_1_128_248,MATATA,PONYO,MAPON,LGD,M,Kinshasa,779,0.04,7414,8287,89,5078483,1756303,6767,1763070,34.72,
1,10,1_1_1_130_250,KAZADI,KANDA,REX,INDEPENDANT,M,Kinshasa,398,0.02,7414,8287,89,5078483,1756303,6767,1763070,34.72,
1,17,1_1_1_146_266,NGOY,ILUNGA WA NSENGA,THEODORE,INDEPENDANT,M,Kinshasa,357,0.02,7414,8287,89,5078483,1756303,6767,1763070,34.72,
1,8,1_1_1_140_260,BUSE,FALAY,GEORGES,INDEPENDANT,M,Kinshasa,399,0.02,7414,8287,89,5078483,1756303,6767,1763070,34.72,
1,4,1_1_1_149_269,SESANGA,HIPUNGU DJA KASENG KAPITU,DELLY,ENVOL,M,Kinshasa,869,0.05,7414,8287,89,5078483,1756303,6767,1763070,34.72,
1,1,1_1_1_131_251,RADJABHO,TEBABHO,SOBORABO,CUC,M,Kinshasa,1169,0.07,7414,8287,89,5078483,1756303,6767,1763070,34.72,
1,5,1_1_1_145_265,ANZULUNI,ISILOKETSHI,FLORIBERT,INDEPENDANT,M,Kinshasa,727,0.04,7414,8287,89,5078483,1756303,6767,1763070,34.72,
1,23,1_1_1_132_252,DIONGO,SHAMBA,FRANCK,MLP,M,Kinshasa,372,0.02,7414,8287,89,5078483,1756303,6767,1763070,34.72,
2,26,1_1_1_153_273,NGILA,,HENOCK,INDEPENDANT,M,Kongo Central,414,0.05,3607,3729,97,2067403,782304,930,783234,37.88,
2,10,1_1_1_130_250,KAZADI,KANDA,REX,INDEPENDANT,M,Kongo Central,473,0.06,3607,3729,97,2067403,782304,930,783234,37.88,
2,16,1_1_1_136_256,NGALASI,KURISINI,AGGREY,INDEPENDANT,M,Kongo Central,2906,0.37,3607,3729,97,2067403,782304,930,783234,37.88,
2,14,1_1_1_138_258,MUDEKEREZA,BISIMWA,JUSTIN,INDEPENDANT,M,Kongo Central,233,0.03,3607,3729,97,2067403,782304,930,783234,37.88,
2,2,1_1_1_129_249,MUTAMBA,TUNGUNGA,CONSTANT,DYPRO,M,Kongo Central,600,0.08,3607,3729,97,2067403,782304,930,783234,37.88,
2,20,1_1_1_143_263,TSHISEKEDI,TSHILOMBO,FELIX ANTOINE,INDEPENDANT,M,Kongo Central,735928,94.07,3607,3729,97,2067403,782304,930,783234,37.88,
2,17,1_1_1_146_266,NGOY,ILUNGA WA NSENGA,THEODORE,INDEPENDANT,M,Kongo Central,191,0.02,3607,3729,97,2067403,782304,930,783234,37.88,
2,21,1_1_1_137_257,FAYULU,MADIDI,MARTIN,LAMUKAFAYULU,M,Kongo Central,8544,1.09,3607,3729,97,2067403,782304,930,783234,37.88,
2,19,1_1_1_141_261,TSHIANI K,MUADIAMVITA,NOEL,INDEPENDANT,M,Kongo Central,457,0.06,3607,3729,97,2067403,782304,930,783234,37.88,
2,22,1_1_1_128_248,MATATA,PONYO,MAPON,LGD,M,Kongo Central,528,0.07,3607,3729,97,2067403,782304,930,783234,37.88,
2,8,1_1_1_140_260,BUSE,FALAY,GEORGES,INDEPENDANT,M,Kongo Central,245,0.03,3607,3729,97,2067403,782304,930,783234,37.88,
2,9,1_1_1_139_259,IFOKU,MPUTA MPUNGA,MARIE-JOSEE,INDEPENDANT,F,Kongo Central,914,0.12,3607,3729,97,2067403,782304,930,783234,37.88,
2,24,1_1_1_133_253,MUZITO,FUMUTSHI,ADOLPHE,NOU.EL,M,Kongo Central,636,0.08,3607,3729,97,2067403,782304,930,783234,37.88,
2,6,1_1_1_148_268,BAENDE,ETAFE ELIKO,JEAN CLAUDE,INDEPENDANT,M,Kongo Central,459,0.06,3607,3729,97,2067403,782304,930,783234,37.88,
2,3,1_1_1_135_255,KATUMBI,CHAPWE,MOISE,ENSEMBLE,M,Kongo Central,22086,2.82,3607,3729,97,2067403,782304,930,783234,37.88,
2,13,1_1_1_147_267,MASALU,ANEDU,ANDRE,INDEPENDANT,M,Kongo Central,847,0.11,3607,3729,97,2067403,782304,930,783234,37.88,
2,7,1_1_1_142_262,BOLAMBA,,TONY CASSIUS,INDEPENDANT,M,Kongo Central,374,0.05,3607,3729,97,2067403,782304,930,783234,37.88,
2,15,1_1_1_134_254,MUKWEGE,MUKENGERE,DENIS,INDEPENDANT,M,Kongo Central,616,0.08,3607,3729,97,2067403,782304,930,783234,37.88,
2,18,1_1_1_144_264,NKEMA LILOO,BOKONZI,LOLI,INDEPENDANT,M,Kongo Central,434,0.06,3607,3729,97,2067403,782304,930,783234,37.88,
2,5,1_1_1_145_265,ANZULUNI,ISILOKETSHI,FLORIBERT,INDEPENDANT,M,Kongo Central,691,0.09,3607,3729,97,2067403,782304,930,783234,37.88,
2,4,1_1_1_149_269,SESANGA,HIPUNGU DJA KASENG KAPITU,DELLY,ENVOL,M,Kongo Central,887,0.11,3607,3729,97,2067403,782304,930,783234,37.88,
2,25,1_1_1_152_272,BILE,BATALI,JOELLE,INDEPENDANT,F,Kongo Central,365,0.05,3607,3729,97,2067403,782304,930,783234,37.88,
2,12,1_1_1_151_271,MAJONDO,MWAMBA,PATRICE,INDEPENDANT,M,Kongo Central,775,0.1,3607,3729,97,2067403,782304,930,783234,37.88,
2,11,1_1_1_150_270,KIKUNI,MASUDI,SETH,INDEPENDANT,M,Kongo Central,322,0.04,3607,3729,97,2067403,782304,930,783234,37.88,
2,1,1_1_1_131_251,RADJABHO,TEBABHO,SOBORABO,CUC,M,Kongo Central,2036,0.26,3607,3729,97,2067403,782304,930,783234,37.88,
2,23,1_1_1_132_252,DIONGO,SHAMBA,FRANCK,MLP,M,Kongo Central,343,0.04,3607,3729,97,2067403,782304,930,783234,37.88,
3,19,1_1_1_141_261,TSHIANI K,MUADIAMVITA,NOEL,INDEPENDANT,M,Kwango,290,0.05,2109,2380,89,994679,631247,1051,632298,63.57,
3,7,1_1_1_142_262,BOLAMBA,,TONY CASSIUS,INDEPENDANT,M,Kwango,100,0.02,2109,2380,89,994679,631247,1051,632298,63.57,
3,6,1_1_1_148_268,BAENDE,ETAFE ELIKO,JEAN CLAUDE,INDEPENDANT,M,Kwango,177,0.03,2109,2380,89,994679,631247,1051,632298,63.57,
3,9,1_1_1_139_259,IFOKU,MPUTA MPUNGA,MARIE-JOSEE,INDEPENDANT,F,Kwango,357,0.06,2109,2380,89,994679,631247,1051,632298,63.57,
3,8,1_1_1_140_260,BUSE,FALAY,GEORGES,INDEPENDANT,M,Kwango,108,0.02,2109,2380,89,994679,631247,1051,632298,63.57,
3,14,1_1_1_138_258,MUDEKEREZA,BISIMWA,JUSTIN,INDEPENDANT,M,Kwango,229,0.04,2109,2380,89,994679,631247,1051,632298,63.57,
3,4,1_1_1_149_269,SESANGA,HIPUNGU DJA KASENG KAPITU,DELLY,ENVOL,M,Kwango,558,0.09,2109,2380,89,994679,631247,1051,632298,63.57,
3,13,1_1_1_147_267,MASALU,ANEDU,ANDRE,INDEPENDANT,M,Kwango,432,0.07,2109,2380,89,994679,631247,1051,632298,63.57,
3,22,1_1_1_128_248,MATATA,PONYO,MAPON,LGD,M,Kwango,450,0.07,2109,2380,89,994679,631247,1051,632298,63.57,
3,17,1_1_1_146_266,NGOY,ILUNGA WA NSENGA,THEODORE,INDEPENDANT,M,Kwango,99,0.02,2109,2380,89,994679,631247,1051,632298,63.57,
3,2,1_1_1_129_249,MUTAMBA,TUNGUNGA,CONSTANT,DYPRO,M,Kwango,278,0.04,2109,2380,89,994679,631247,1051,632298,63.57,
3,26,1_1_1_153_273,NGILA,,HENOCK,INDEPENDANT,M,Kwango,187,0.03,2109,2380,89,994679,631247,1051,632298,63.57,
3,10,1_1_1_130_250,KAZADI,KANDA,REX,INDEPENDANT,M,Kwango,107,0.02,2109,2380,89,994679,631247,1051,632298,63.57,
3,1,1_1_1_131_251,RADJABHO,TEBABHO,SOBORABO,CUC,M,Kwango,516,0.08,2109,2380,89,994679,631247,1051,632298,63.57,
3,5,1_1_1_145_265,ANZULUNI,ISILOKETSHI,FLORIBERT,INDEPENDANT,M,Kwango,283,0.04,2109,2380,89,994679,631247,1051,632298,63.57,
3,23,1_1_1_132_252,DIONGO,SHAMBA,FRANCK,MLP,M,Kwango,246,0.04,2109,2380,89,994679,631247,1051,632298,63.57,
3,25,1_1_1_152_272,BILE,BATALI,JOELLE,INDEPENDANT,F,Kwango,273,0.04,2109,2380,89,994679,631247,1051,632298,63.57,
3,11,1_1_1_150_270,KIKUNI,MASUDI,SETH,INDEPENDANT,M,Kwango,278,0.04,2109,2380,89,994679,631247,1051,632298,63.57,
3,24,1_1_1_133_253,MUZITO,FUMUTSHI,ADOLPHE,NOU.EL,M,Kwango,23963,3.8,2109,2380,89,994679,631247,1051,632298,63.57,
3,18,1_1_1_144_264,NKEMA LILOO,BOKONZI,LOLI,INDEPENDANT,M,Kwango,171,0.03,2109,2380,89,994679,631247,1051,632298,63.57,
3,3,1_1_1_135_255,KATUMBI,CHAPWE,MOISE,ENSEMBLE,M,Kwango,22660,3.59,2109,2380,89,994679,631247,1051,632298,63.57,
3,20,1_1_1_143_263,TSHISEKEDI,TSHILOMBO,FELIX ANTOINE,INDEPENDANT,M,Kwango,401903,63.67,2109,2380,89,994679,631247,1051,632298,63.57,
3,21,1_1_1_137_257,FAYULU,MADIDI,MARTIN,LAMUKAFAYULU,M,Kwango,176602,27.98,2109,2380,89,994679,631247,1051,632298,63.57,
3,12,1_1_1_151_271,MAJONDO,MWAMBA,PATRICE,INDEPENDANT,M,Kwango,355,0.06,2109,2380,89,994679,631247,1051,632298,63.57,
3,15,1_1_1_134_254,MUKWEGE,MUKENGERE,DENIS,INDEPENDANT,M,Kwango,265,0.04,2109,2380,89,994679,631247,1051,632298,63.57,
3,16,1_1_1_136_256,NGALASI,KURISINI,AGGREY,INDEPENDANT,M,Kwango,360,0.06,2109,2380,89,994679,631247,1051,632298,63.57,
4,21,1_1_1_137_257,FAYULU,MADIDI,MARTIN,LAMUKAFAYULU,M,Kwilu,498241,45.42,3441,4359,79,2321250,1097024,1672,1098696,47.33,
4,22,1_1_1_128_248,MATATA,PONYO,MAPON,LGD,M,Kwilu,528,0.05,3441,4359,79,2321250,1097024,1672,1098696,47.33,
4,11,1_1_1_150_270,KIKUNI,MASUDI,SETH,INDEPENDANT,M,Kwilu,210,0.02,3441,4359,79,2321250,1097024,1672,1098696,47.33,
4,8,1_1_1_140_260,BUSE,FALAY,GEORGES,INDEPENDANT,M,Kwilu,312,0.03,3441,4359,79,2321250,1097024,1672,1098696,47.33,
4,2,1_1_1_129_249,MUTAMBA,TUNGUNGA,CONSTANT,DYPRO,M,Kwilu,629,0.06,3441,4359,79,2321250,1097024,1672,1098696,47.33,
4,26,1_1_1_153_273,NGILA,,HENOCK,INDEPENDANT,M,Kwilu,226,0.02,3441,4359,79,2321250,1097024,1672,1098696,47.33,
4,16,1_1_1_136_256,NGALASI,KURISINI,AGGREY,INDEPENDANT,M,Kwilu,13373,1.22,3441,4359,79,2321250,1097024,1672,1098696,47.33,
4,10,1_1_1_130_250,KAZADI,KANDA,REX,INDEPENDANT,M,Kwilu,199,0.02,3441,4359,79,2321250,1097024,1672,1098696,47.33,
4,25,1_1_1_152_272,BILE,BATALI,JOELLE,INDEPENDANT,F,Kwilu,191,0.02,3441,4359,79,2321250,1097024,1672,1098696,47.33,
4,1,1_1_1_131_251,RADJABHO,TEBABHO,SOBORABO,CUC,M,Kwilu,589,0.05,3441,4359,79,2321250,1097024,1672,1098696,47.33,
4,19,1_1_1_141_261,TSHIANI K,MUADIAMVITA,NOEL,INDEPENDANT,M,Kwilu,273,0.02,3441,4359,79,2321250,1097024,1672,1098696,47.33,
4,4,1_1_1_149_269,SESANGA,HIPUNGU DJA KASENG KAPITU,DELLY,ENVOL,M,Kwilu,389,0.04,3441,4359,79,2321250,1097024,1672,1098696,47.33,
4,23,1_1_1_132_252,DIONGO,SHAMBA,FRANCK,MLP,M,Kwilu,347,0.03,3441,4359,79,2321250,1097024,1672,1098696,47.33,
4,12,1_1_1_151_271,MAJONDO,MWAMBA,PATRICE,INDEPENDANT,M,Kwilu,375,0.03,3441,4359,79,2321250,1097024,1672,1098696,47.33,
4,14,1_1_1_138_258,MUDEKEREZA,BISIMWA,JUSTIN,INDEPENDANT,M,Kwilu,151,0.01,3441,4359,79,2321250,1097024,1672,1098696,47.33,
4,24,1_1_1_133_253,MUZITO,FUMUTSHI,ADOLPHE,NOU.EL,M,Kwilu,144946,13.21,3441,4359,79,2321250,1097024,1672,1098696,47.33,
4,9,1_1_1_139_259,IFOKU,MPUTA MPUNGA,MARIE-JOSEE,INDEPENDANT,F,Kwilu,290,0.03,3441,4359,79,2321250,1097024,1672,1098696,47.33,
4,15,1_1_1_134_254,MUKWEGE,MUKENGERE,DENIS,INDEPENDANT,M,Kwilu,464,0.04,3441,4359,79,2321250,1097024,1672,1098696,47.33,
4,3,1_1_1_135_255,KATUMBI,CHAPWE,MOISE,ENSEMBLE,M,Kwilu,35551,3.24,3441,4359,79,2321250,1097024,1672,1098696,47.33,
4,6,1_1_1_148_268,BAENDE,ETAFE ELIKO,JEAN CLAUDE,INDEPENDANT,M,Kwilu,268,0.02,3441,4359,79,2321250,1097024,1672,1098696,47.33,
4,17,1_1_1_146_266,NGOY,ILUNGA WA NSENGA,THEODORE,INDEPENDANT,M,Kwilu,114,0.01,3441,4359,79,2321250,1097024,1672,1098696,47.33,
4,13,1_1_1_147_267,MASALU,ANEDU,ANDRE,INDEPENDANT,M,Kwilu,414,0.04,3441,4359,79,2321250,1097024,1672,1098696,47.33,
4,20,1_1_1_143_263,TSHISEKEDI,TSHILOMBO,FELIX ANTOINE,INDEPENDANT,M,Kwilu,398449,36.32,3441,4359,79,2321250,1097024,1672,1098696,47.33,
4,18,1_1_1_144_264,NKEMA LILOO,BOKONZI,LOLI,INDEPENDANT,M,Kwilu,143,0.01,3441,4359,79,2321250,1097024,1672,1098696,47.33,
4,5,1_1_1_145_265,ANZULUNI,ISILOKETSHI,FLORIBERT,INDEPENDANT,M,Kwilu,216,0.02,3441,4359,79,2321250,1097024,1672,1098696,47.33,
4,7,1_1_1_142_262,BOLAMBA,,TONY CASSIUS,INDEPENDANT,M,Kwilu,136,0.01,3441,4359,79,2321250,1097024,1672,1098696,47.33,
5,24,1_1_1_133_253,MUZITO,FUMUTSHI,ADOLPHE,NOU.EL,M,Mai-Ndombe,586,0.15,1548,1776,87,951057,395647,478,396125,41.65,
5,21,1_1_1_137_257,FAYULU,MADIDI,MARTIN,LAMUKAFAYULU,M,Mai-Ndombe,3989,1.01,1548,1776,87,951057,395647,478,396125,41.65,
5,12,1_1_1_151_271,MAJONDO,MWAMBA,PATRICE,INDEPENDANT,M,Mai-Ndombe,519,0.13,1548,1776,87,951057,395647,478,396125,41.65,
5,13,1_1_1_147_267,MASALU,ANEDU,ANDRE,INDEPENDANT,M,Mai-Ndombe,545,0.14,1548,1776,87,951057,395647,478,396125,41.65,
5,15,1_1_1_134_254,MUKWEGE,MUKENGERE,DENIS,INDEPENDANT,M,Mai-Ndombe,517,0.13,1548,1776,87,951057,395647,478,396125,41.65,
5,14,1_1_1_138_258,MUDEKEREZA,BISIMWA,JUSTIN,INDEPENDANT,M,Mai-Ndombe,328,0.08,1548,1776,87,951057,395647,478,396125,41.65,
5,18,1_1_1_144_264,NKEMA LILOO,BOKONZI,LOLI,INDEPENDANT,M,Mai-Ndombe,263,0.07,1548,1776,87,951057,395647,478,396125,41.65,
5,3,1_1_1_135_255,KATUMBI,CHAPWE,MOISE,ENSEMBLE,M,Mai-Ndombe,5529,1.4,1548,1776,87,951057,395647,478,396125,41.65,
5,26,1_1_1_153_273,NGILA,,HENOCK,INDEPENDANT,M,Mai-Ndombe,222,0.06,1548,1776,87,951057,395647,478,396125,41.65,
5,11,1_1_1_150_270,KIKUNI,MASUDI,SETH,INDEPENDANT,M,Mai-Ndombe,175,0.04,1548,1776,87,951057,395647,478,396125,41.65,
5,25,1_1_1_152_272,BILE,BATALI,JOELLE,INDEPENDANT,F,Mai-Ndombe,187,0.05,1548,1776,87,951057,395647,478,396125,41.65,
5,5,1_1_1_145_265,ANZULUNI,ISILOKETSHI,FLORIBERT,INDEPENDANT,M,Mai-Ndombe,282,0.07,1548,1776,87,951057,395647,478,396125,41.65,
5,16,1_1_1_136_256,NGALASI,KURISINI,AGGREY,INDEPENDANT,M,Mai-Ndombe,286,0.07,1548,1776,87,951057,395647,478,396125,41.65,
5,23,1_1_1_132_252,DIONGO,SHAMBA,FRANCK,MLP,M,Mai-Ndombe,240,0.06,1548,1776,87,951057,395647,478,396125,41.65,
5,1,1_1_1_131_251,RADJABHO,TEBABHO,SOBORABO,CUC,M,Mai-Ndombe,1142,0.29,1548,1776,87,951057,395647,478,396125,41.65,
5,10,1_1_1_130_250,KAZADI,KANDA,REX,INDEPENDANT,M,Mai-Ndombe,202,0.05,1548,1776,87,951057,395647,478,396125,41.65,
5,6,1_1_1_148_268,BAENDE,ETAFE ELIKO,JEAN CLAUDE,INDEPENDANT,M,Mai-Ndombe,327,0.08,1548,1776,87,951057,395647,478,396125,41.65,
5,7,1_1_1_142_262,BOLAMBA,,TONY CASSIUS,INDEPENDANT,M,Mai-Ndombe,410,0.1,1548,1776,87,951057,395647,478,396125,41.65,
5,22,1_1_1_128_248,MATATA,PONYO,MAPON,LGD,M,Mai-Ndombe,322,0.08,1548,1776,87,951057,395647,478,396125,41.65,
5,9,1_1_1_139_259,IFOKU,MPUTA MPUNGA,MARIE-JOSEE,INDEPENDANT,F,Mai-Ndombe,373,0.09,1548,1776,87,951057,395647,478,396125,41.65,
5,17,1_1_1_146_266,NGOY,ILUNGA WA NSENGA,THEODORE,INDEPENDANT,M,Mai-Ndombe,117,0.03,1548,1776,87,951057,395647,478,396125,41.65,
5,19,1_1_1_141_261,TSHIANI K,MUADIAMVITA,NOEL,INDEPENDANT,M,Mai-Ndombe,336,0.08,1548,1776,87,951057,395647,478,396125,41.65,
5,2,1_1_1_129_249,MUTAMBA,TUNGUNGA,CONSTANT,DYPRO,M,Mai-Ndombe,1612,0.41,1548,1776,87,951057,395647,478,396125,41.65,
5,4,1_1_1_149_269,SESANGA,HIPUNGU DJA KASENG KAPITU,DELLY,ENVOL,M,Mai-Ndombe,437,0.11,1548,1776,87,951057,395647,478,396125,41.65,
5,20,1_1_1_143_263,TSHISEKEDI,TSHILOMBO,FELIX ANTOINE,INDEPENDANT,M,Mai-Ndombe,376104,95.06,1548,1776,87,951057,395647,478,396125,41.65,
5,8,1_1_1_140_260,BUSE,FALAY,GEORGES,INDEPENDANT,M,Mai-Ndombe,597,0.15,1548,1776,87,951057,395647,478,396125,41.65,
6,4,1_1_1_149_269,SESANGA,HIPUNGU DJA KASENG KAPITU,DELLY,ENVOL,M,Equateur,184,0.07,1309,1961,67,1021549,266369,403,266772,26.11,
6,5,1_1_1_145_265,ANZULUNI,ISILOKETSHI,FLORIBERT,INDEPENDANT,M,Equateur,142,0.05,1309,1961,67,1021549,266369,403,266772,26.11,
6,8,1_1_1_140_260,BUSE,FALAY,GEORGES,INDEPENDANT,M,Equateur,78,0.03,1309,1961,67,1021549,266369,403,266772,26.11,
6,23,1_1_1_132_252,DIONGO,SHAMBA,FRANCK,MLP,M,Equateur,185,0.07,1309,1961,67,1021549,266369,403,266772,26.11,
6,24,1_1_1_133_253,MUZITO,FUMUTSHI,ADOLPHE,NOU.EL,M,Equateur,114,0.04,1309,1961,67,1021549,266369,403,266772,26.11,
6,15,1_1_1_134_254,MUKWEGE,MUKENGERE,DENIS,INDEPENDANT,M,Equateur,180,0.07,1309,1961,67,1021549,266369,403,266772,26.11,
6,12,1_1_1_151_271,MAJONDO,MWAMBA,PATRICE,INDEPENDANT,M,Equateur,269,0.1,1309,1961,67,1021549,266369,403,266772,26.11,
6,25,1_1_1_152_272,BILE,BATALI,JOELLE,INDEPENDANT,F,Equateur,126,0.05,1309,1961,67,1021549,266369,403,266772,26.11,
6,21,1_1_1_137_257,FAYULU,MADIDI,MARTIN,LAMUKAFAYULU,M,Equateur,1789,0.67,1309,1961,67,1021549,266369,403,266772,26.11,
6,9,1_1_1_139_259,IFOKU,MPUTA MPUNGA,MARIE-JOSEE,INDEPENDANT,F,Equateur,218,0.08,1309,1961,67,1021549,266369,403,266772,26.11,
6,18,1_1_1_144_264,NKEMA LILOO,BOKONZI,LOLI,INDEPENDANT,M,Equateur,158,0.06,1309,1961,67,1021549,266369,403,266772,26.11,
6,16,1_1_1_136_256,NGALASI,KURISINI,AGGREY,INDEPENDANT,M,Equateur,654,0.25,1309,1961,67,1021549,266369,403,266772,26.11,
6,11,1_1_1_150_270,KIKUNI,MASUDI,SETH,INDEPENDANT,M,Equateur,103,0.04,1309,1961,67,1021549,266369,403,266772,26.11,
6,13,1_1_1_147_267,MASALU,ANEDU,ANDRE,INDEPENDANT,M,Equateur,197,0.07,1309,1961,67,1021549,266369,403,266772,26.11,
6,17,1_1_1_146_266,NGOY,ILUNGA WA NSENGA,THEODORE,INDEPENDANT,M,Equateur,71,0.03,1309,1961,67,1021549,266369,403,266772,26.11,
6,14,1_1_1_138_258,MUDEKEREZA,BISIMWA,JUSTIN,INDEPENDANT,M,Equateur,70,0.03,1309,1961,67,1021549,266369,403,266772,26.11,
6,3,1_1_1_135_255,KATUMBI,CHAPWE,MOISE,ENSEMBLE,M,Equateur,9269,3.48,1309,1961,67,1021549,266369,403,266772,26.11,
6,20,1_1_1_143_263,TSHISEKEDI,TSHILOMBO,FELIX ANTOINE,INDEPENDANT,M,Equateur,234831,88.16,1309,1961,67,1021549,266369,403,266772,26.11,
6,19,1_1_1_141_261,TSHIANI K,MUADIAMVITA,NOEL,INDEPENDANT,M,Equateur,302,0.11,1309,1961,67,1021549,266369,403,266772,26.11,
6,10,1_1_1_130_250,KAZADI,KANDA,REX,INDEPENDANT,M,Equateur,137,0.05,1309,1961,67,1021549,266369,403,266772,26.11,
6,6,1_1_1_148_268,BAENDE,ETAFE ELIKO,JEAN CLAUDE,INDEPENDANT,M,Equateur,15864,5.96,1309,1961,67,1021549,266369,403,266772,26.11,
6,1,1_1_1_131_251,RADJABHO,TEBABHO,SOBORABO,CUC,M,Equateur,555,0.21,1309,1961,67,1021549,266369,403,266772,26.11,
6,7,1_1_1_142_262,BOLAMBA,,TONY CASSIUS,INDEPENDANT,M,Equateur,399,0.15,1309,1961,67,1021549,266369,403,266772,26.11,
6,26,1_1_1_153_273,NGILA,,HENOCK,INDEPENDANT,M,Equateur,101,0.04,1309,1961,67,1021549,266369,403,266772,26.11,
6,22,1_1_1_128_248,MATATA,PONYO,MAPON,LGD,M,Equateur,138,0.05,1309,1961,67,1021549,266369,403,266772,26.11,
6,2,1_1_1_129_249,MUTAMBA,TUNGUNGA,CONSTANT,DYPRO,M,Equateur,235,0.09,1309,1961,67,1021549,266369,403,266772,26.11,
7,6,1_1_1_148_268,BAENDE,ETAFE ELIKO,JEAN CLAUDE,INDEPENDANT,M,Nord-Ubangi,388,0.11,1249,1433,87,746993,345668,416,346084,46.33,
7,13,1_1_1_147_267,MASALU,ANEDU,ANDRE,INDEPENDANT,M,Nord-Ubangi,110,0.03,1249,1433,87,746993,345668,416,346084,46.33,
7,21,1_1_1_137_257,FAYULU,MADIDI,MARTIN,LAMUKAFAYULU,M,Nord-Ubangi,926,0.27,1249,1433,87,746993,345668,416,346084,46.33,
7,25,1_1_1_152_272,BILE,BATALI,JOELLE,INDEPENDANT,F,Nord-Ubangi,69,0.02,1249,1433,87,746993,345668,416,346084,46.33,
7,8,1_1_1_140_260,BUSE,FALAY,GEORGES,INDEPENDANT,M,Nord-Ubangi,48,0.01,1249,1433,87,746993,345668,416,346084,46.33,
7,12,1_1_1_151_271,MAJONDO,MWAMBA,PATRICE,INDEPENDANT,M,Nord-Ubangi,281,0.08,1249,1433,87,746993,345668,416,346084,46.33,
7,2,1_1_1_129_249,MUTAMBA,TUNGUNGA,CONSTANT,DYPRO,M,Nord-Ubangi,143,0.04,1249,1433,87,746993,345668,416,346084,46.33,
7,14,1_1_1_138_258,MUDEKEREZA,BISIMWA,JUSTIN,INDEPENDANT,M,Nord-Ubangi,108,0.03,1249,1433,87,746993,345668,416,346084,46.33,
7,15,1_1_1_134_254,MUKWEGE,MUKENGERE,DENIS,INDEPENDANT,M,Nord-Ubangi,92,0.03,1249,1433,87,746993,345668,416,346084,46.33,
7,16,1_1_1_136_256,NGALASI,KURISINI,AGGREY,INDEPENDANT,M,Nord-Ubangi,162,0.05,1249,1433,87,746993,345668,416,346084,46.33,
7,26,1_1_1_153_273,NGILA,,HENOCK,INDEPENDANT,M,Nord-Ubangi,67,0.02,1249,1433,87,746993,345668,416,346084,46.33,
7,23,1_1_1_132_252,DIONGO,SHAMBA,FRANCK,MLP,M,Nord-Ubangi,43,0.01,1249,1433,87,746993,345668,416,346084,46.33,
7,5,1_1_1_145_265,ANZULUNI,ISILOKETSHI,FLORIBERT,INDEPENDANT,M,Nord-Ubangi,164,0.05,1249,1433,87,746993,345668,416,346084,46.33,
7,22,1_1_1_128_248,MATATA,PONYO,MAPON,LGD,M,Nord-Ubangi,105,0.03,1249,1433,87,746993,345668,416,346084,46.33,
7,1,1_1_1_131_251,RADJABHO,TEBABHO,SOBORABO,CUC,M,Nord-Ubangi,708,0.2,1249,1433,87,746993,345668,416,346084,46.33,
7,24,1_1_1_133_253,MUZITO,FUMUTSHI,ADOLPHE,NOU.EL,M,Nord-Ubangi,86,0.02,1249,1433,87,746993,345668,416,346084,46.33,
7,3,1_1_1_135_255,KATUMBI,CHAPWE,MOISE,ENSEMBLE,M,Nord-Ubangi,8207,2.37,1249,1433,87,746993,345668,416,346084,46.33,
7,17,1_1_1_146_266,NGOY,ILUNGA WA NSENGA,THEODORE,INDEPENDANT,M,Nord-Ubangi,63,0.02,1249,1433,87,746993,345668,416,346084,46.33,
7,9,1_1_1_139_259,IFOKU,MPUTA MPUNGA,MARIE-JOSEE,INDEPENDANT,F,Nord-Ubangi,257,0.07,1249,1433,87,746993,345668,416,346084,46.33,
7,20,1_1_1_143_263,TSHISEKEDI,TSHILOMBO,FELIX ANTOINE,INDEPENDANT,M,Nord-Ubangi,333054,96.35,1249,1433,87,746993,345668,416,346084,46.33,
7,4,1_1_1_149_269,SESANGA,HIPUNGU DJA KASENG KAPITU,DELLY,ENVOL,M,Nord-Ubangi,141,0.04,1249,1433,87,746993,345668,416,346084,46.33,
7,11,1_1_1_150_270,KIKUNI,MASUDI,SETH,INDEPENDANT,M,Nord-Ubangi,80,0.02,1249,1433,87,746993,345668,416,346084,46.33,
7,10,1_1_1_130_250,KAZADI,KANDA,REX,INDEPENDANT,M,Nord-Ubangi,72,0.02,1249,1433,87,746993,345668,416,346084,46.33,
7,7,1_1_1_142_262,BOLAMBA,,TONY CASSIUS,INDEPENDANT,M,Nord-Ubangi,81,0.02,1249,1433,87,746993,345668,416,346084,46.33,
7,18,1_1_1_144_264,NKEMA LILOO,BOKONZI,LOLI,INDEPENDANT,M,Nord-Ubangi,91,0.03,1249,1433,87,746993,345668,416,346084,46.33,
7,19,1_1_1_141_261,TSHIANI K,MUADIAMVITA,NOEL,INDEPENDANT,M,Nord-Ubangi,122,0.04,1249,1433,87,746993,345668,416,346084,46.33,
8,6,1_1_1_148_268,BAENDE,ETAFE ELIKO,JEAN CLAUDE,INDEPENDANT,M,Sud-Ubangi,331,0.05,2044,2508,82,1372237,611614,673,612287,44.62,
8,17,1_1_1_146_266,NGOY,ILUNGA WA NSENGA,THEODORE,INDEPENDANT,M,Sud-Ubangi,81,0.01,2044,2508,82,1372237,611614,673,612287,44.62,
8,5,1_1_1_145_265,ANZULUNI,ISILOKETSHI,FLORIBERT,INDEPENDANT,M,Sud-Ubangi,170,0.03,2044,2508,82,1372237,611614,673,612287,44.62,
8,19,1_1_1_141_261,TSHIANI K,MUADIAMVITA,NOEL,INDEPENDANT,M,Sud-Ubangi,296,0.05,2044,2508,82,1372237,611614,673,612287,44.62,
8,20,1_1_1_143_263,TSHISEKEDI,TSHILOMBO,FELIX ANTOINE,INDEPENDANT,M,Sud-Ubangi,583651,95.43,2044,2508,82,1372237,611614,673,612287,44.62,
8,22,1_1_1_128_248,MATATA,PONYO,MAPON,LGD,M,Sud-Ubangi,286,0.05,2044,2508,82,1372237,611614,673,612287,44.62,
8,16,1_1_1_136_256,NGALASI,KURISINI,AGGREY,INDEPENDANT,M,Sud-Ubangi,357,0.06,2044,2508,82,1372237,611614,673,612287,44.62,
8,10,1_1_1_130_250,KAZADI,KANDA,REX,INDEPENDANT,M,Sud-Ubangi,164,0.03,2044,2508,82,1372237,611614,673,612287,44.62,
8,26,1_1_1_153_273,NGILA,,HENOCK,INDEPENDANT,M,Sud-Ubangi,130,0.02,2044,2508,82,1372237,611614,673,612287,44.62,
8,21,1_1_1_137_257,FAYULU,MADIDI,MARTIN,LAMUKAFAYULU,M,Sud-Ubangi,3290,0.54,2044,2508,82,1372237,611614,673,612287,44.62,
8,14,1_1_1_138_258,MUDEKEREZA,BISIMWA,JUSTIN,INDEPENDANT,M,Sud-Ubangi,85,0.01,2044,2508,82,1372237,611614,673,612287,44.62,
8,1,1_1_1_131_251,RADJABHO,TEBABHO,SOBORABO,CUC,M,Sud-Ubangi,821,0.13,2044,2508,82,1372237,611614,673,612287,44.62,
8,11,1_1_1_150_270,KIKUNI,MASUDI,SETH,INDEPENDANT,M,Sud-Ubangi,154,0.03,2044,2508,82,1372237,611614,673,612287,44.62,
8,2,1_1_1_129_249,MUTAMBA,TUNGUNGA,CONSTANT,DYPRO,M,Sud-Ubangi,544,0.09,2044,2508,82,1372237,611614,673,612287,44.62,
8,4,1_1_1_149_269,SESANGA,HIPUNGU DJA KASENG KAPITU,DELLY,ENVOL,M,Sud-Ubangi,349,0.06,2044,2508,82,1372237,611614,673,612287,44.62,
8,9,1_1_1_139_259,IFOKU,MPUTA MPUNGA,MARIE-JOSEE,INDEPENDANT,F,Sud-Ubangi,370,0.06,2044,2508,82,1372237,611614,673,612287,44.62,
8,7,1_1_1_142_262,BOLAMBA,,TONY CASSIUS,INDEPENDANT,M,Sud-Ubangi,159,0.03,2044,2508,82,1372237,611614,673,612287,44.62,
8,8,1_1_1_140_260,BUSE,FALAY,GEORGES,INDEPENDANT,M,Sud-Ubangi,75,0.01,2044,2508,82,1372237,611614,673,612287,44.62,
8,24,1_1_1_133_253,MUZITO,FUMUTSHI,ADOLPHE,NOU.EL,M,Sud-Ubangi,156,0.03,2044,2508,82,1372237,611614,673,612287,44.62,
8,25,1_1_1_152_272,BILE,BATALI,JOELLE,INDEPENDANT,F,Sud-Ubangi,155,0.03,2044,2508,82,1372237,611614,673,612287,44.62,
8,3,1_1_1_135_255,KATUMBI,CHAPWE,MOISE,ENSEMBLE,M,Sud-Ubangi,18415,3.01,2044,2508,82,1372237,611614,673,612287,44.62,
8,18,1_1_1_144_264,NKEMA LILOO,BOKONZI,LOLI,INDEPENDANT,M,Sud-Ubangi,244,0.04,2044,2508,82,1372237,611614,673,612287,44.62,
8,23,1_1_1_132_252,DIONGO,SHAMBA,FRANCK,MLP,M,Sud-Ubangi,104,0.02,2044,2508,82,1372237,611614,673,612287,44.62,
8,13,1_1_1_147_267,MASALU,ANEDU,ANDRE,INDEPENDANT,M,Sud-Ubangi,260,0.04,2044,2508,82,1372237,611614,673,612287,44.62,
8,12,1_1_1_151_271,MAJONDO,MWAMBA,PATRICE,INDEPENDANT,M,Sud-Ubangi,417,0.07,2044,2508,82,1372237,611614,673,612287,44.62,
8,15,1_1_1_134_254,MUKWEGE,MUKENGERE,DENIS,INDEPENDANT,M,Sud-Ubangi,550,0.09,2044,2508,82,1372237,611614,673,612287,44.62,
9,11,1_1_1_150_270,KIKUNI,MASUDI,SETH,INDEPENDANT,M,Mongala,89,0.02,1277,1834,70,968467,430267,476,430743,44.48,
9,17,1_1_1_146_266,NGOY,ILUNGA WA NSENGA,THEODORE,INDEPENDANT,M,Mongala,49,0.01,1277,1834,70,968467,430267,476,430743,44.48,
9,16,1_1_1_136_256,NGALASI,KURISINI,AGGREY,INDEPENDANT,M,Mongala,225,0.05,1277,1834,70,968467,430267,476,430743,44.48,
9,13,1_1_1_147_267,MASALU,ANEDU,ANDRE,INDEPENDANT,M,Mongala,89,0.02,1277,1834,70,968467,430267,476,430743,44.48,
9,20,1_1_1_143_263,TSHISEKEDI,TSHILOMBO,FELIX ANTOINE,INDEPENDANT,M,Mongala,412667,95.91,1277,1834,70,968467,430267,476,430743,44.48,
9,1,1_1_1_131_251,RADJABHO,TEBABHO,SOBORABO,CUC,M,Mongala,254,0.06,1277,1834,70,968467,430267,476,430743,44.48,
9,3,1_1_1_135_255,KATUMBI,CHAPWE,MOISE,ENSEMBLE,M,Mongala,10076,2.34,1277,1834,70,968467,430267,476,430743,44.48,
9,24,1_1_1_133_253,MUZITO,FUMUTSHI,ADOLPHE,NOU.EL,M,Mongala,554,0.13,1277,1834,70,968467,430267,476,430743,44.48,
9,23,1_1_1_132_252,DIONGO,SHAMBA,FRANCK,MLP,M,Mongala,58,0.01,1277,1834,70,968467,430267,476,430743,44.48,
9,14,1_1_1_138_258,MUDEKEREZA,BISIMWA,JUSTIN,INDEPENDANT,M,Mongala,50,0.01,1277,1834,70,968467,430267,476,430743,44.48,
9,6,1_1_1_148_268,BAENDE,ETAFE ELIKO,JEAN CLAUDE,INDEPENDANT,M,Mongala,569,0.13,1277,1834,70,968467,430267,476,430743,44.48,
9,2,1_1_1_129_249,MUTAMBA,TUNGUNGA,CONSTANT,DYPRO,M,Mongala,227,0.05,1277,1834,70,968467,430267,476,430743,44.48,
9,21,1_1_1_137_257,FAYULU,MADIDI,MARTIN,LAMUKAFAYULU,M,Mongala,3200,0.74,1277,1834,70,968467,430267,476,430743,44.48,
9,8,1_1_1_140_260,BUSE,FALAY,GEORGES,INDEPENDANT,M,Mongala,42,0.01,1277,1834,70,968467,430267,476,430743,44.48,
9,10,1_1_1_130_250,KAZADI,KANDA,REX,INDEPENDANT,M,Mongala,86,0.02,1277,1834,70,968467,430267,476,430743,44.48,
9,26,1_1_1_153_273,NGILA,,HENOCK,INDEPENDANT,M,Mongala,69,0.02,1277,1834,70,968467,430267,476,430743,44.48,
9,15,1_1_1_134_254,MUKWEGE,MUKENGERE,DENIS,INDEPENDANT,M,Mongala,181,0.04,1277,1834,70,968467,430267,476,430743,44.48,
9,19,1_1_1_141_261,TSHIANI K,MUADIAMVITA,NOEL,INDEPENDANT,M,Mongala,161,0.04,1277,1834,70,968467,430267,476,430743,44.48,
9,9,1_1_1_139_259,IFOKU,MPUTA MPUNGA,MARIE-JOSEE,INDEPENDANT,F,Mongala,260,0.06,1277,1834,70,968467,430267,476,430743,44.48,
9,22,1_1_1_128_248,MATATA,PONYO,MAPON,LGD,M,Mongala,211,0.05,1277,1834,70,968467,430267,476,430743,44.48,
9,4,1_1_1_149_269,SESANGA,HIPUNGU DJA KASENG KAPITU,DELLY,ENVOL,M,Mongala,172,0.04,1277,1834,70,968467,430267,476,430743,44.48,
9,18,1_1_1_144_264,NKEMA LILOO,BOKONZI,LOLI,INDEPENDANT,M,Mongala,45,0.01,1277,1834,70,968467,430267,476,430743,44.48,
9,7,1_1_1_142_262,BOLAMBA,,TONY CASSIUS,INDEPENDANT,M,Mongala,110,0.03,1277,1834,70,968467,430267,476,430743,44.48,
9,5,1_1_1_145_265,ANZULUNI,ISILOKETSHI,FLORIBERT,INDEPENDANT,M,Mongala,85,0.02,1277,1834,70,968467,430267,476,430743,44.48,
9,25,1_1_1_152_272,BILE,BATALI,JOELLE,INDEPENDANT,F,Mongala,601,0.14,1277,1834,70,968467,430267,476,430743,44.48,
9,12,1_1_1_151_271,MAJONDO,MWAMBA,PATRICE,INDEPENDANT,M,Mongala,137,0.03,1277,1834,70,968467,430267,476,430743,44.48,
10,13,1_1_1_147_267,MASALU,ANEDU,ANDRE,INDEPENDANT,M,Tshuapa,207,0.07,978,1633,60,758788,286222,788,287010,37.82,
10,16,1_1_1_136_256,NGALASI,KURISINI,AGGREY,INDEPENDANT,M,Tshuapa,114,0.04,978,1633,60,758788,286222,788,287010,37.82,
10,22,1_1_1_128_248,MATATA,PONYO,MAPON,LGD,M,Tshuapa,180,0.06,978,1633,60,758788,286222,788,287010,37.82,
10,1,1_1_1_131_251,RADJABHO,TEBABHO,SOBORABO,CUC,M,Tshuapa,403,0.14,978,1633,60,758788,286222,788,287010,37.82,
10,19,1_1_1_141_261,TSHIANI K,MUADIAMVITA,NOEL,INDEPENDANT,M,Tshuapa,107,0.04,978,1633,60,758788,286222,788,287010,37.82,
10,18,1_1_1_144_264,NKEMA LILOO,BOKONZI,LOLI,INDEPENDANT,M,Tshuapa,9741,3.4,978,1633,60,758788,286222,788,287010,37.82,
10,6,1_1_1_148_268,BAENDE,ETAFE ELIKO,JEAN CLAUDE,INDEPENDANT,M,Tshuapa,411,0.14,978,1633,60,758788,286222,788,287010,37.82,
10,3,1_1_1_135_255,KATUMBI,CHAPWE,MOISE,ENSEMBLE,M,Tshuapa,5871,2.05,978,1633,60,758788,286222,788,287010,37.82,
10,20,1_1_1_143_263,TSHISEKEDI,TSHILOMBO,FELIX ANTOINE,INDEPENDANT,M,Tshuapa,264109,92.27,978,1633,60,758788,286222,788,287010,37.82,
10,9,1_1_1_139_259,IFOKU,MPUTA MPUNGA,MARIE-JOSEE,INDEPENDANT,F,Tshuapa,1827,0.64,978,1633,60,758788,286222,788,287010,37.82,
10,12,1_1_1_151_271,MAJONDO,MWAMBA,PATRICE,INDEPENDANT,M,Tshuapa,185,0.06,978,1633,60,758788,286222,788,287010,37.82,
10,15,1_1_1_134_254,MUKWEGE,MUKENGERE,DENIS,INDEPENDANT,M,Tshuapa,127,0.04,978,1633,60,758788,286222,788,287010,37.82,
10,26,1_1_1_153_273,NGILA,,HENOCK,INDEPENDANT,M,Tshuapa,69,0.02,978,1633,60,758788,286222,788,287010,37.82,
10,7,1_1_1_142_262,BOLAMBA,,TONY CASSIUS,INDEPENDANT,M,Tshuapa,143,0.05,978,1633,60,758788,286222,788,287010,37.82,
10,2,1_1_1_129_249,MUTAMBA,TUNGUNGA,CONSTANT,DYPRO,M,Tshuapa,75,0.03,978,1633,60,758788,286222,788,287010,37.82,
10,4,1_1_1_149_269,SESANGA,HIPUNGU DJA KASENG KAPITU,DELLY,ENVOL,M,Tshuapa,176,0.06,978,1633,60,758788,286222,788,287010,37.82,
10,11,1_1_1_150_270,KIKUNI,MASUDI,SETH,INDEPENDANT,M,Tshuapa,104,0.04,978,1633,60,758788,286222,788,287010,37.82,
10,25,1_1_1_152_272,BILE,BATALI,JOELLE,INDEPENDANT,F,Tshuapa,76,0.03,978,1633,60,758788,286222,788,287010,37.82,
10,8,1_1_1_140_260,BUSE,FALAY,GEORGES,INDEPENDANT,M,Tshuapa,60,0.02,978,1633,60,758788,286222,788,287010,37.82,
10,10,1_1_1_130_250,KAZADI,KANDA,REX,INDEPENDANT,M,Tshuapa,79,0.03,978,1633,60,758788,286222,788,287010,37.82,
10,17,1_1_1_146_266,NGOY,ILUNGA WA NSENGA,THEODORE,INDEPENDANT,M,Tshuapa,44,0.02,978,1633,60,758788,286222,788,287010,37.82,
10,5,1_1_1_145_265,ANZULUNI,ISILOKETSHI,FLORIBERT,INDEPENDANT,M,Tshuapa,74,0.03,978,1633,60,758788,286222,788,287010,37.82,
10,14,1_1_1_138_258,MUDEKEREZA,BISIMWA,JUSTIN,INDEPENDANT,M,Tshuapa,35,0.01,978,1633,60,758788,286222,788,287010,37.82,
10,24,1_1_1_133_253,MUZITO,FUMUTSHI,ADOLPHE,NOU.EL,M,Tshuapa,75,0.03,978,1633,60,758788,286222,788,287010,37.82,
10,23,1_1_1_132_252,DIONGO,SHAMBA,FRANCK,MLP,M,Tshuapa,78,0.03,978,1633,60,758788,286222,788,287010,37.82,
10,21,1_1_1_137_257,FAYULU,MADIDI,MARTIN,LAMUKAFAYULU,M,Tshuapa,1852,0.65,978,1633,60,758788,286222,788,287010,37.82,
11,6,1_1_1_148_268,BAENDE,ETAFE ELIKO,JEAN CLAUDE,INDEPENDANT,M,Tshopo,567,0.1,2380,2499,95,1409186,551162,1151,552313,39.19,
11,4,1_1_1_149_269,SESANGA,HIPUNGU DJA KASENG KAPITU,DELLY,ENVOL,M,Tshopo,874,0.16,2380,2499,95,1409186,551162,1151,552313,39.19,
11,2,1_1_1_129_249,MUTAMBA,TUNGUNGA,CONSTANT,DYPRO,M,Tshopo,2187,0.4,2380,2499,95,1409186,551162,1151,552313,39.19,
11,19,1_1_1_141_261,TSHIANI K,MUADIAMVITA,NOEL,INDEPENDANT,M,Tshopo,357,0.06,2380,2499,95,1409186,551162,1151,552313,39.19,
11,9,1_1_1_139_259,IFOKU,MPUTA MPUNGA,MARIE-JOSEE,INDEPENDANT,F,Tshopo,570,0.1,2380,2499,95,1409186,551162,1151,552313,39.19,
11,26,1_1_1_153_273,NGILA,,HENOCK,INDEPENDANT,M,Tshopo,268,0.05,2380,2499,95,1409186,551162,1151,552313,39.19,
11,24,1_1_1_133_253,MUZITO,FUMUTSHI,ADOLPHE,NOU.EL,M,Tshopo,590,0.11,2380,2499,95,1409186,551162,1151,552313,39.19,
11,8,1_1_1_140_260,BUSE,FALAY,GEORGES,INDEPENDANT,M,Tshopo,349,0.06,2380,2499,95,1409186,551162,1151,552313,39.19,
11,22,1_1_1_128_248,MATATA,PONYO,MAPON,LGD,M,Tshopo,563,0.1,2380,2499,95,1409186,551162,1151,552313,39.19,
11,23,1_1_1_132_252,DIONGO,SHAMBA,FRANCK,MLP,M,Tshopo,396,0.07,2380,2499,95,1409186,551162,1151,552313,39.19,
11,12,1_1_1_151_271,MAJONDO,MWAMBA,PATRICE,INDEPENDANT,M,Tshopo,903,0.16,2380,2499,95,1409186,551162,1151,552313,39.19,
11,7,1_1_1_142_262,BOLAMBA,,TONY CASSIUS,INDEPENDANT,M,Tshopo,344,0.06,2380,2499,95,1409186,551162,1151,552313,39.19,
11,1,1_1_1_131_251,RADJABHO,TEBABHO,SOBORABO,CUC,M,Tshopo,2763,0.5,2380,2499,95,1409186,551162,1151,552313,39.19,
11,13,1_1_1_147_267,MASALU,ANEDU,ANDRE,INDEPENDANT,M,Tshopo,998,0.18,2380,2499,95,1409186,551162,1151,552313,39.19,
11,16,1_1_1_136_256,NGALASI,KURISINI,AGGREY,INDEPENDANT,M,Tshopo,540,0.1,2380,2499,95,1409186,551162,1151,552313,39.19,
11,5,1_1_1_145_265,ANZULUNI,ISILOKETSHI,FLORIBERT,INDEPENDANT,M,Tshopo,564,0.1,2380,2499,95,1409186,551162,1151,552313,39.19,
11,11,1_1_1_150_270,KIKUNI,MASUDI,SETH,INDEPENDANT,M,Tshopo,392,0.07,2380,2499,95,1409186,551162,1151,552313,39.19,
11,21,1_1_1_137_257,FAYULU,MADIDI,MARTIN,LAMUKAFAYULU,M,Tshopo,3543,0.64,2380,2499,95,1409186,551162,1151,552313,39.19,
11,10,1_1_1_130_250,KAZADI,KANDA,REX,INDEPENDANT,M,Tshopo,228,0.04,2380,2499,95,1409186,551162,1151,552313,39.19,
11,17,1_1_1_146_266,NGOY,ILUNGA WA NSENGA,THEODORE,INDEPENDANT,M,Tshopo,114,0.02,2380,2499,95,1409186,551162,1151,552313,39.19,
11,18,1_1_1_144_264,NKEMA LILOO,BOKONZI,LOLI,INDEPENDANT,M,Tshopo,380,0.07,2380,2499,95,1409186,551162,1151,552313,39.19,
11,20,1_1_1_143_263,TSHISEKEDI,TSHILOMBO,FELIX ANTOINE,INDEPENDANT,M,Tshopo,439380,79.72,2380,2499,95,1409186,551162,1151,552313,39.19,
11,3,1_1_1_135_255,KATUMBI,CHAPWE,MOISE,ENSEMBLE,M,Tshopo,92848,16.85,2380,2499,95,1409186,551162,1151,552313,39.19,
11,14,1_1_1_138_258,MUDEKEREZA,BISIMWA,JUSTIN,INDEPENDANT,M,Tshopo,196,0.04,2380,2499,95,1409186,551162,1151,552313,39.19,
11,25,1_1_1_152_272,BILE,BATALI,JOELLE,INDEPENDANT,F,Tshopo,253,0.05,2380,2499,95,1409186,551162,1151,552313,39.19,
11,15,1_1_1_134_254,MUKWEGE,MUKENGERE,DENIS,INDEPENDANT,M,Tshopo,995,0.18,2380,2499,95,1409186,551162,1151,552313,39.19,
12,26,1_1_1_153_273,NGILA,,HENOCK,INDEPENDANT,M,Bas-Uele,138,0.08,950,1092,87,506522,175088,230,175318,34.61,
12,12,1_1_1_151_271,MAJONDO,MWAMBA,PATRICE,INDEPENDANT,M,Bas-Uele,544,0.31,950,1092,87,506522,175088,230,175318,34.61,
12,15,1_1_1_134_254,MUKWEGE,MUKENGERE,DENIS,INDEPENDANT,M,Bas-Uele,239,0.14,950,1092,87,506522,175088,230,175318,34.61,
12,19,1_1_1_141_261,TSHIANI K,MUADIAMVITA,NOEL,INDEPENDANT,M,Bas-Uele,166,0.09,950,1092,87,506522,175088,230,175318,34.61,
12,10,1_1_1_130_250,KAZADI,KANDA,REX,INDEPENDANT,M,Bas-Uele,241,0.14,950,1092,87,506522,175088,230,175318,34.61,
12,6,1_1_1_148_268,BAENDE,ETAFE ELIKO,JEAN CLAUDE,INDEPENDANT,M,Bas-Uele,321,0.18,950,1092,87,506522,175088,230,175318,34.61,
12,9,1_1_1_139_259,IFOKU,MPUTA MPUNGA,MARIE-JOSEE,INDEPENDANT,F,Bas-Uele,473,0.27,950,1092,87,506522,175088,230,175318,34.61,
12,8,1_1_1_140_260,BUSE,FALAY,GEORGES,INDEPENDANT,M,Bas-Uele,153,0.09,950,1092,87,506522,175088,230,175318,34.61,
12,24,1_1_1_133_253,MUZITO,FUMUTSHI,ADOLPHE,NOU.EL,M,Bas-Uele,148,0.08,950,1092,87,506522,175088,230,175318,34.61,
12,3,1_1_1_135_255,KATUMBI,CHAPWE,MOISE,ENSEMBLE,M,Bas-Uele,15881,9.07,950,1092,87,506522,175088,230,175318,34.61,
12,18,1_1_1_144_264,NKEMA LILOO,BOKONZI,LOLI,INDEPENDANT,M,Bas-Uele,226,0.13,950,1092,87,506522,175088,230,175318,34.61,
12,1,1_1_1_131_251,RADJABHO,TEBABHO,SOBORABO,CUC,M,Bas-Uele,1263,0.72,950,1092,87,506522,175088,230,175318,34.61,
12,20,1_1_1_143_263,TSHISEKEDI,TSHILOMBO,FELIX ANTOINE,INDEPENDANT,M,Bas-Uele,150277,85.83,950,1092,87,506522,175088,230,175318,34.61,
12,2,1_1_1_129_249,MUTAMBA,TUNGUNGA,CONSTANT,DYPRO,M,Bas-Uele,417,0.24,950,1092,87,506522,175088,230,175318,34.61,
12,4,1_1_1_149_269,SESANGA,HIPUNGU DJA KASENG KAPITU,DELLY,ENVOL,M,Bas-Uele,666,0.38,950,1092,87,506522,175088,230,175318,34.61,
12,14,1_1_1_138_258,MUDEKEREZA,BISIMWA,JUSTIN,INDEPENDANT,M,Bas-Uele,142,0.08,950,1092,87,506522,175088,230,175318,34.61,
12,22,1_1_1_128_248,MATATA,PONYO,MAPON,LGD,M,Bas-Uele,302,0.17,950,1092,87,506522,175088,230,175318,34.61,
12,21,1_1_1_137_257,FAYULU,MADIDI,MARTIN,LAMUKAFAYULU,M,Bas-Uele,1308,0.75,950,1092,87,506522,175088,230,175318,34.61,
12,7,1_1_1_142_262,BOLAMBA,,TONY CASSIUS,INDEPENDANT,M,Bas-Uele,170,0.1,950,1092,87,506522,175088,230,175318,34.61,
12,25,1_1_1_152_272,BILE,BATALI,JOELLE,INDEPENDANT,F,Bas-Uele,255,0.15,950,1092,87,506522,175088,230,175318,34.61,
12,23,1_1_1_132_252,DIONGO,SHAMBA,FRANCK,MLP,M,Bas-Uele,148,0.08,950,1092,87,506522,175088,230,175318,34.61,
12,5,1_1_1_145_265,ANZULUNI,ISILOKETSHI,FLORIBERT,INDEPENDANT,M,Bas-Uele,357,0.2,950,1092,87,506522,175088,230,175318,34.61,
12,16,1_1_1_136_256,NGALASI,KURISINI,AGGREY,INDEPENDANT,M,Bas-Uele,175,0.1,950,1092,87,506522,175088,230,175318,34.61,
12,17,1_1_1_146_266,NGOY,ILUNGA WA NSENGA,THEODORE,INDEPENDANT,M,Bas-Uele,119,0.07,950,1092,87,506522,175088,230,175318,34.61,
12,11,1_1_1_150_270,KIKUNI,MASUDI,SETH,INDEPENDANT,M,Bas-Uele,179,0.1,950,1092,87,506522,175088,230,175318,34.61,
12,13,1_1_1_147_267,MASALU,ANEDU,ANDRE,INDEPENDANT,M,Bas-Uele,780,0.45,950,1092,87,506522,175088,230,175318,34.61,
13,9,1_1_1_139_259,IFOKU,MPUTA MPUNGA,MARIE-JOSEE,INDEPENDANT,F,Haut-Uele,1054,0.31,1788,1939,92,1020231,342943,471,343414,33.66,
13,19,1_1_1_141_261,TSHIANI K,MUADIAMVITA,NOEL,INDEPENDANT,M,Haut-Uele,822,0.24,1788,1939,92,1020231,342943,471,343414,33.66,
13,4,1_1_1_149_269,SESANGA,HIPUNGU DJA KASENG KAPITU,DELLY,ENVOL,M,Haut-Uele,2950,0.86,1788,1939,92,1020231,342943,471,343414,33.66,
13,14,1_1_1_138_258,MUDEKEREZA,BISIMWA,JUSTIN,INDEPENDANT,M,Haut-Uele,934,0.27,1788,1939,92,1020231,342943,471,343414,33.66,
13,6,1_1_1_148_268,BAENDE,ETAFE ELIKO,JEAN CLAUDE,INDEPENDANT,M,Haut-Uele,1649,0.48,1788,1939,92,1020231,342943,471,343414,33.66,
13,8,1_1_1_140_260,BUSE,FALAY,GEORGES,INDEPENDANT,M,Haut-Uele,724,0.21,1788,1939,92,1020231,342943,471,343414,33.66,
13,20,1_1_1_143_263,TSHISEKEDI,TSHILOMBO,FELIX ANTOINE,INDEPENDANT,M,Haut-Uele,280260,81.72,1788,1939,92,1020231,342943,471,343414,33.66,
13,7,1_1_1_142_262,BOLAMBA,,TONY CASSIUS,INDEPENDANT,M,Haut-Uele,795,0.23,1788,1939,92,1020231,342943,471,343414,33.66,
13,13,1_1_1_147_267,MASALU,ANEDU,ANDRE,INDEPENDANT,M,Haut-Uele,2294,0.67,1788,1939,92,1020231,342943,471,343414,33.66,
13,11,1_1_1_150_270,KIKUNI,MASUDI,SETH,INDEPENDANT,M,Haut-Uele,788,0.23,1788,1939,92,1020231,342943,471,343414,33.66,
13,12,1_1_1_151_271,MAJONDO,MWAMBA,PATRICE,INDEPENDANT,M,Haut-Uele,2161,0.63,1788,1939,92,1020231,342943,471,343414,33.66,
13,10,1_1_1_130_250,KAZADI,KANDA,REX,INDEPENDANT,M,Haut-Uele,581,0.17,1788,1939,92,1020231,342943,471,343414,33.66,
13,15,1_1_1_134_254,MUKWEGE,MUKENGERE,DENIS,INDEPENDANT,M,Haut-Uele,1051,0.31,1788,1939,92,1020231,342943,471,343414,33.66,
13,25,1_1_1_152_272,BILE,BATALI,JOELLE,INDEPENDANT,F,Haut-Uele,698,0.2,1788,1939,92,1020231,342943,471,343414,33.66,
13,24,1_1_1_133_253,MUZITO,FUMUTSHI,ADOLPHE,NOU.EL,M,Haut-Uele,1255,0.37,1788,1939,92,1020231,342943,471,343414,33.66,
13,23,1_1_1_132_252,DIONGO,SHAMBA,FRANCK,MLP,M,Haut-Uele,681,0.2,1788,1939,92,1020231,342943,471,343414,33.66,
13,18,1_1_1_144_264,NKEMA LILOO,BOKONZI,LOLI,INDEPENDANT,M,Haut-Uele,972,0.28,1788,1939,92,1020231,342943,471,343414,33.66,
13,5,1_1_1_145_265,ANZULUNI,ISILOKETSHI,FLORIBERT,INDEPENDANT,M,Haut-Uele,1638,0.48,1788,1939,92,1020231,342943,471,343414,33.66,
13,2,1_1_1_129_249,MUTAMBA,TUNGUNGA,CONSTANT,DYPRO,M,Haut-Uele,1334,0.39,1788,1939,92,1020231,342943,471,343414,33.66,
13,17,1_1_1_146_266,NGOY,ILUNGA WA NSENGA,THEODORE,INDEPENDANT,M,Haut-Uele,520,0.15,1788,1939,92,1020231,342943,471,343414,33.66,
13,16,1_1_1_136_256,NGALASI,KURISINI,AGGREY,INDEPENDANT,M,Haut-Uele,593,0.17,1788,1939,92,1020231,342943,471,343414,33.66,
13,26,1_1_1_153_273,NGILA,,HENOCK,INDEPENDANT,M,Haut-Uele,543,0.16,1788,1939,92,1020231,342943,471,343414,33.66,
13,21,1_1_1_137_257,FAYULU,MADIDI,MARTIN,LAMUKAFAYULU,M,Haut-Uele,5351,1.56,1788,1939,92,1020231,342943,471,343414,33.66,
13,22,1_1_1_128_248,MATATA,PONYO,MAPON,LGD,M,Haut-Uele,1339,0.39,1788,1939,92,1020231,342943,471,343414,33.66,
13,3,1_1_1_135_255,KATUMBI,CHAPWE,MOISE,ENSEMBLE,M,Haut-Uele,28216,8.23,1788,1939,92,1020231,342943,471,343414,33.66,
13,1,1_1_1_131_251,RADJABHO,TEBABHO,SOBORABO,CUC,M,Haut-Uele,3740,1.09,1788,1939,92,1020231,342943,471,343414,33.66,
14,6,1_1_1_148_268,BAENDE,ETAFE ELIKO,JEAN CLAUDE,INDEPENDANT,M,Ituri,905,0.09,3740,4275,87,2546796,1021127,1452,1022579,40.15,
14,25,1_1_1_152_272,BILE,BATALI,JOELLE,INDEPENDANT,F,Ituri,649,0.06,3740,4275,87,2546796,1021127,1452,1022579,40.15,
14,5,1_1_1_145_265,ANZULUNI,ISILOKETSHI,FLORIBERT,INDEPENDANT,M,Ituri,1504,0.15,3740,4275,87,2546796,1021127,1452,1022579,40.15,
14,10,1_1_1_130_250,KAZADI,KANDA,REX,INDEPENDANT,M,Ituri,870,0.09,3740,4275,87,2546796,1021127,1452,1022579,40.15,
14,19,1_1_1_141_261,TSHIANI K,MUADIAMVITA,NOEL,INDEPENDANT,M,Ituri,1042,0.1,3740,4275,87,2546796,1021127,1452,1022579,40.15,
14,2,1_1_1_129_249,MUTAMBA,TUNGUNGA,CONSTANT,DYPRO,M,Ituri,2459,0.24,3740,4275,87,2546796,1021127,1452,1022579,40.15,
14,26,1_1_1_153_273,NGILA,,HENOCK,INDEPENDANT,M,Ituri,957,0.09,3740,4275,87,2546796,1021127,1452,1022579,40.15,
14,22,1_1_1_128_248,MATATA,PONYO,MAPON,LGD,M,Ituri,1673,0.16,3740,4275,87,2546796,1021127,1452,1022579,40.15,
14,7,1_1_1_142_262,BOLAMBA,,TONY CASSIUS,INDEPENDANT,M,Ituri,694,0.07,3740,4275,87,2546796,1021127,1452,1022579,40.15,
14,17,1_1_1_146_266,NGOY,ILUNGA WA NSENGA,THEODORE,INDEPENDANT,M,Ituri,378,0.04,3740,4275,87,2546796,1021127,1452,1022579,40.15,
14,15,1_1_1_134_254,MUKWEGE,MUKENGERE,DENIS,INDEPENDANT,M,Ituri,1397,0.14,3740,4275,87,2546796,1021127,1452,1022579,40.15,
14,21,1_1_1_137_257,FAYULU,MADIDI,MARTIN,LAMUKAFAYULU,M,Ituri,9788,0.96,3740,4275,87,2546796,1021127,1452,1022579,40.15,
14,14,1_1_1_138_258,MUDEKEREZA,BISIMWA,JUSTIN,INDEPENDANT,M,Ituri,564,0.06,3740,4275,87,2546796,1021127,1452,1022579,40.15,
14,4,1_1_1_149_269,SESANGA,HIPUNGU DJA KASENG KAPITU,DELLY,ENVOL,M,Ituri,3042,0.3,3740,4275,87,2546796,1021127,1452,1022579,40.15,
14,16,1_1_1_136_256,NGALASI,KURISINI,AGGREY,INDEPENDANT,M,Ituri,1399,0.14,3740,4275,87,2546796,1021127,1452,1022579,40.15,
14,11,1_1_1_150_270,KIKUNI,MASUDI,SETH,INDEPENDANT,M,Ituri,1100,0.11,3740,4275,87,2546796,1021127,1452,1022579,40.15,
14,23,1_1_1_132_252,DIONGO,SHAMBA,FRANCK,MLP,M,Ituri,1071,0.1,3740,4275,87,2546796,1021127,1452,1022579,40.15,
14,18,1_1_1_144_264,NKEMA LILOO,BOKONZI,LOLI,INDEPENDANT,M,Ituri,1463,0.14,3740,4275,87,2546796,1021127,1452,1022579,40.15,
14,1,1_1_1_131_251,RADJABHO,TEBABHO,SOBORABO,CUC,M,Ituri,42931,4.2,3740,4275,87,2546796,1021127,1452,1022579,40.15,
14,9,1_1_1_139_259,IFOKU,MPUTA MPUNGA,MARIE-JOSEE,INDEPENDANT,F,Ituri,1097,0.11,3740,4275,87,2546796,1021127,1452,1022579,40.15,
14,13,1_1_1_147_267,MASALU,ANEDU,ANDRE,INDEPENDANT,M,Ituri,1785,0.17,3740,4275,87,2546796,1021127,1452,1022579,40.15,
14,12,1_1_1_151_271,MAJONDO,MWAMBA,PATRICE,INDEPENDANT,M,Ituri,2642,0.26,3740,4275,87,2546796,1021127,1452,1022579,40.15,
14,24,1_1_1_133_253,MUZITO,FUMUTSHI,ADOLPHE,NOU.EL,M,Ituri,1082,0.11,3740,4275,87,2546796,1021127,1452,1022579,40.15,
14,20,1_1_1_143_263,TSHISEKEDI,TSHILOMBO,FELIX ANTOINE,INDEPENDANT,M,Ituri,624933,61.2,3740,4275,87,2546796,1021127,1452,1022579,40.15,
14,8,1_1_1_140_260,BUSE,FALAY,GEORGES,INDEPENDANT,M,Ituri,639,0.06,3740,4275,87,2546796,1021127,1452,1022579,40.15,
14,3,1_1_1_135_255,KATUMBI,CHAPWE,MOISE,ENSEMBLE,M,Ituri,315063,30.85,3740,4275,87,2546796,1021127,1452,1022579,40.15,
15,24,1_1_1_133_253,MUZITO,FUMUTSHI,ADOLPHE,NOU.EL,M,Nord-Kivu,558,0.04,4232,4676,91,2800740,1379575,948,1380523,49.29,
15,3,1_1_1_135_255,KATUMBI,CHAPWE,MOISE,ENSEMBLE,M,Nord-Kivu,104169,7.55,4232,4676,91,2800740,1379575,948,1380523,49.29,
15,19,1_1_1_141_261,TSHIANI K,MUADIAMVITA,NOEL,INDEPENDANT,M,Nord-Kivu,268,0.02,4232,4676,91,2800740,1379575,948,1380523,49.29,
15,8,1_1_1_140_260,BUSE,FALAY,GEORGES,INDEPENDANT,M,Nord-Kivu,235,0.02,4232,4676,91,2800740,1379575,948,1380523,49.29,
15,13,1_1_1_147_267,MASALU,ANEDU,ANDRE,INDEPENDANT,M,Nord-Kivu,696,0.05,4232,4676,91,2800740,1379575,948,1380523,49.29,
15,22,1_1_1_128_248,MATATA,PONYO,MAPON,LGD,M,Nord-Kivu,555,0.04,4232,4676,91,2800740,1379575,948,1380523,49.29,
15,25,1_1_1_152_272,BILE,BATALI,JOELLE,INDEPENDANT,F,Nord-Kivu,225,0.02,4232,4676,91,2800740,1379575,948,1380523,49.29,
15,20,1_1_1_143_263,TSHISEKEDI,TSHILOMBO,FELIX ANTOINE,INDEPENDANT,M,Nord-Kivu,1247819,90.45,4232,4676,91,2800740,1379575,948,1380523,49.29,
15,1,1_1_1_131_251,RADJABHO,TEBABHO,SOBORABO,CUC,M,Nord-Kivu,2345,0.17,4232,4676,91,2800740,1379575,948,1380523,49.29,
15,15,1_1_1_134_254,MUKWEGE,MUKENGERE,DENIS,INDEPENDANT,M,Nord-Kivu,1737,0.13,4232,4676,91,2800740,1379575,948,1380523,49.29,
15,12,1_1_1_151_271,MAJONDO,MWAMBA,PATRICE,INDEPENDANT,M,Nord-Kivu,613,0.04,4232,4676,91,2800740,1379575,948,1380523,49.29,
15,2,1_1_1_129_249,MUTAMBA,TUNGUNGA,CONSTANT,DYPRO,M,Nord-Kivu,652,0.05,4232,4676,91,2800740,1379575,948,1380523,49.29,
15,9,1_1_1_139_259,IFOKU,MPUTA MPUNGA,MARIE-JOSEE,INDEPENDANT,F,Nord-Kivu,734,0.05,4232,4676,91,2800740,1379575,948,1380523,49.29,
15,5,1_1_1_145_265,ANZULUNI,ISILOKETSHI,FLORIBERT,INDEPENDANT,M,Nord-Kivu,661,0.05,4232,4676,91,2800740,1379575,948,1380523,49.29,
15,21,1_1_1_137_257,FAYULU,MADIDI,MARTIN,LAMUKAFAYULU,M,Nord-Kivu,14737,1.07,4232,4676,91,2800740,1379575,948,1380523,49.29,
15,16,1_1_1_136_256,NGALASI,KURISINI,AGGREY,INDEPENDANT,M,Nord-Kivu,560,0.04,4232,4676,91,2800740,1379575,948,1380523,49.29,
15,10,1_1_1_130_250,KAZADI,KANDA,REX,INDEPENDANT,M,Nord-Kivu,217,0.02,4232,4676,91,2800740,1379575,948,1380523,49.29,
15,17,1_1_1_146_266,NGOY,ILUNGA WA NSENGA,THEODORE,INDEPENDANT,M,Nord-Kivu,96,0.01,4232,4676,91,2800740,1379575,948,1380523,49.29,
15,11,1_1_1_150_270,KIKUNI,MASUDI,SETH,INDEPENDANT,M,Nord-Kivu,271,0.02,4232,4676,91,2800740,1379575,948,1380523,49.29,
15,23,1_1_1_132_252,DIONGO,SHAMBA,FRANCK,MLP,M,Nord-Kivu,205,0.01,4232,4676,91,2800740,1379575,948,1380523,49.29,
15,6,1_1_1_148_268,BAENDE,ETAFE ELIKO,JEAN CLAUDE,INDEPENDANT,M,Nord-Kivu,361,0.03,4232,4676,91,2800740,1379575,948,1380523,49.29,
15,7,1_1_1_142_262,BOLAMBA,,TONY CASSIUS,INDEPENDANT,M,Nord-Kivu,260,0.02,4232,4676,91,2800740,1379575,948,1380523,49.29,
15,26,1_1_1_153_273,NGILA,,HENOCK,INDEPENDANT,M,Nord-Kivu,254,0.02,4232,4676,91,2800740,1379575,948,1380523,49.29,
15,14,1_1_1_138_258,MUDEKEREZA,BISIMWA,JUSTIN,INDEPENDANT,M,Nord-Kivu,380,0.03,4232,4676,91,2800740,1379575,948,1380523,49.29,
15,4,1_1_1_149_269,SESANGA,HIPUNGU DJA KASENG KAPITU,DELLY,ENVOL,M,Nord-Kivu,720,0.05,4232,4676,91,2800740,1379575,948,1380523,49.29,
15,18,1_1_1_144_264,NKEMA LILOO,BOKONZI,LOLI,INDEPENDANT,M,Nord-Kivu,247,0.02,4232,4676,91,2800740,1379575,948,1380523,49.29,
16,2,1_1_1_129_249,MUTAMBA,TUNGUNGA,CONSTANT,DYPRO,M,Sud-Kivu,707,0.07,3606,4728,76,2766148,1038970,939,1039909,37.59,
16,23,1_1_1_132_252,DIONGO,SHAMBA,FRANCK,MLP,M,Sud-Kivu,222,0.02,3606,4728,76,2766148,1038970,939,1039909,37.59,
16,22,1_1_1_128_248,MATATA,PONYO,MAPON,LGD,M,Sud-Kivu,505,0.05,3606,4728,76,2766148,1038970,939,1039909,37.59,
16,18,1_1_1_144_264,NKEMA LILOO,BOKONZI,LOLI,INDEPENDANT,M,Sud-Kivu,141,0.01,3606,4728,76,2766148,1038970,939,1039909,37.59,
16,17,1_1_1_146_266,NGOY,ILUNGA WA NSENGA,THEODORE,INDEPENDANT,M,Sud-Kivu,113,0.01,3606,4728,76,2766148,1038970,939,1039909,37.59,
16,10,1_1_1_130_250,KAZADI,KANDA,REX,INDEPENDANT,M,Sud-Kivu,137,0.01,3606,4728,76,2766148,1038970,939,1039909,37.59,
16,1,1_1_1_131_251,RADJABHO,TEBABHO,SOBORABO,CUC,M,Sud-Kivu,1103,0.11,3606,4728,76,2766148,1038970,939,1039909,37.59,
16,25,1_1_1_152_272,BILE,BATALI,JOELLE,INDEPENDANT,F,Sud-Kivu,132,0.01,3606,4728,76,2766148,1038970,939,1039909,37.59,
16,26,1_1_1_153_273,NGILA,,HENOCK,INDEPENDANT,M,Sud-Kivu,138,0.01,3606,4728,76,2766148,1038970,939,1039909,37.59,
16,5,1_1_1_145_265,ANZULUNI,ISILOKETSHI,FLORIBERT,INDEPENDANT,M,Sud-Kivu,2896,0.28,3606,4728,76,2766148,1038970,939,1039909,37.59,
16,14,1_1_1_138_258,MUDEKEREZA,BISIMWA,JUSTIN,INDEPENDANT,M,Sud-Kivu,2397,0.23,3606,4728,76,2766148,1038970,939,1039909,37.59,
16,3,1_1_1_135_255,KATUMBI,CHAPWE,MOISE,ENSEMBLE,M,Sud-Kivu,118432,11.4,3606,4728,76,2766148,1038970,939,1039909,37.59,
16,11,1_1_1_150_270,KIKUNI,MASUDI,SETH,INDEPENDANT,M,Sud-Kivu,286,0.03,3606,4728,76,2766148,1038970,939,1039909,37.59,
16,13,1_1_1_147_267,MASALU,ANEDU,ANDRE,INDEPENDANT,M,Sud-Kivu,412,0.04,3606,4728,76,2766148,1038970,939,1039909,37.59,
16,20,1_1_1_143_263,TSHISEKEDI,TSHILOMBO,FELIX ANTOINE,INDEPENDANT,M,Sud-Kivu,881157,84.81,3606,4728,76,2766148,1038970,939,1039909,37.59,
16,16,1_1_1_136_256,NGALASI,KURISINI,AGGREY,INDEPENDANT,M,Sud-Kivu,335,0.03,3606,4728,76,2766148,1038970,939,1039909,37.59,
16,15,1_1_1_134_254,MUKWEGE,MUKENGERE,DENIS,INDEPENDANT,M,Sud-Kivu,25470,2.45,3606,4728,76,2766148,1038970,939,1039909,37.59,
16,21,1_1_1_137_257,FAYULU,MADIDI,MARTIN,LAMUKAFAYULU,M,Sud-Kivu,2241,0.22,3606,4728,76,2766148,1038970,939,1039909,37.59,
16,7,1_1_1_142_262,BOLAMBA,,TONY CASSIUS,INDEPENDANT,M,Sud-Kivu,169,0.02,3606,4728,76,2766148,1038970,939,1039909,37.59,
16,4,1_1_1_149_269,SESANGA,HIPUNGU DJA KASENG KAPITU,DELLY,ENVOL,M,Sud-Kivu,330,0.03,3606,4728,76,2766148,1038970,939,1039909,37.59,
16,12,1_1_1_151_271,MAJONDO,MWAMBA,PATRICE,INDEPENDANT,M,Sud-Kivu,323,0.03,3606,4728,76,2766148,1038970,939,1039909,37.59,
16,9,1_1_1_139_259,IFOKU,MPUTA MPUNGA,MARIE-JOSEE,INDEPENDANT,F,Sud-Kivu,441,0.04,3606,4728,76,2766148,1038970,939,1039909,37.59,
16,6,1_1_1_148_268,BAENDE,ETAFE ELIKO,JEAN CLAUDE,INDEPENDANT,M,Sud-Kivu,298,0.03,3606,4728,76,2766148,1038970,939,1039909,37.59,
16,19,1_1_1_141_261,TSHIANI K,MUADIAMVITA,NOEL,INDEPENDANT,M,Sud-Kivu,204,0.02,3606,4728,76,2766148,1038970,939,1039909,37.59,
16,24,1_1_1_133_253,MUZITO,FUMUTSHI,ADOLPHE,NOU.EL,M,Sud-Kivu,267,0.03,3606,4728,76,2766148,1038970,939,1039909,37.59,
16,8,1_1_1_140_260,BUSE,FALAY,GEORGES,INDEPENDANT,M,Sud-Kivu,114,0.01,3606,4728,76,2766148,1038970,939,1039909,37.59,
17,26,1_1_1_153_273,NGILA,,HENOCK,INDEPENDANT,M,Maniema,175,0.04,1643,2019,81,1059213,408784,547,409331,38.64,
17,18,1_1_1_144_264,NKEMA LILOO,BOKONZI,LOLI,INDEPENDANT,M,Maniema,275,0.07,1643,2019,81,1059213,408784,547,409331,38.64,
17,9,1_1_1_139_259,IFOKU,MPUTA MPUNGA,MARIE-JOSEE,INDEPENDANT,F,Maniema,578,0.14,1643,2019,81,1059213,408784,547,409331,38.64,
17,23,1_1_1_132_252,DIONGO,SHAMBA,FRANCK,MLP,M,Maniema,207,0.05,1643,2019,81,1059213,408784,547,409331,38.64,
17,19,1_1_1_141_261,TSHIANI K,MUADIAMVITA,NOEL,INDEPENDANT,M,Maniema,346,0.08,1643,2019,81,1059213,408784,547,409331,38.64,
17,15,1_1_1_134_254,MUKWEGE,MUKENGERE,DENIS,INDEPENDANT,M,Maniema,395,0.1,1643,2019,81,1059213,408784,547,409331,38.64,
17,17,1_1_1_146_266,NGOY,ILUNGA WA NSENGA,THEODORE,INDEPENDANT,M,Maniema,104,0.03,1643,2019,81,1059213,408784,547,409331,38.64,
17,16,1_1_1_136_256,NGALASI,KURISINI,AGGREY,INDEPENDANT,M,Maniema,295,0.07,1643,2019,81,1059213,408784,547,409331,38.64,
17,13,1_1_1_147_267,MASALU,ANEDU,ANDRE,INDEPENDANT,M,Maniema,653,0.16,1643,2019,81,1059213,408784,547,409331,38.64,
17,20,1_1_1_143_263,TSHISEKEDI,TSHILOMBO,FELIX ANTOINE,INDEPENDANT,M,Maniema,156925,38.39,1643,2019,81,1059213,408784,547,409331,38.64,
17,10,1_1_1_130_250,KAZADI,KANDA,REX,INDEPENDANT,M,Maniema,343,0.08,1643,2019,81,1059213,408784,547,409331,38.64,
17,8,1_1_1_140_260,BUSE,FALAY,GEORGES,INDEPENDANT,M,Maniema,201,0.05,1643,2019,81,1059213,408784,547,409331,38.64,
17,11,1_1_1_150_270,KIKUNI,MASUDI,SETH,INDEPENDANT,M,Maniema,479,0.12,1643,2019,81,1059213,408784,547,409331,38.64,
17,25,1_1_1_152_272,BILE,BATALI,JOELLE,INDEPENDANT,F,Maniema,294,0.07,1643,2019,81,1059213,408784,547,409331,38.64,
17,3,1_1_1_135_255,KATUMBI,CHAPWE,MOISE,ENSEMBLE,M,Maniema,239684,58.63,1643,2019,81,1059213,408784,547,409331,38.64,
17,12,1_1_1_151_271,MAJONDO,MWAMBA,PATRICE,INDEPENDANT,M,Maniema,932,0.23,1643,2019,81,1059213,408784,547,409331,38.64,
17,21,1_1_1_137_257,FAYULU,MADIDI,MARTIN,LAMUKAFAYULU,M,Maniema,1034,0.25,1643,2019,81,1059213,408784,547,409331,38.64,
17,1,1_1_1_131_251,RADJABHO,TEBABHO,SOBORABO,CUC,M,Maniema,1283,0.31,1643,2019,81,1059213,408784,547,409331,38.64,
17,14,1_1_1_138_258,MUDEKEREZA,BISIMWA,JUSTIN,INDEPENDANT,M,Maniema,144,0.04,1643,2019,81,1059213,408784,547,409331,38.64,
17,2,1_1_1_129_249,MUTAMBA,TUNGUNGA,CONSTANT,DYPRO,M,Maniema,1264,0.31,1643,2019,81,1059213,408784,547,409331,38.64,
17,6,1_1_1_148_268,BAENDE,ETAFE ELIKO,JEAN CLAUDE,INDEPENDANT,M,Maniema,292,0.07,1643,2019,81,1059213,408784,547,409331,38.64,
17,4,1_1_1_149_269,SESANGA,HIPUNGU DJA KASENG KAPITU,DELLY,ENVOL,M,Maniema,527,0.13,1643,2019,81,1059213,408784,547,409331,38.64,
17,5,1_1_1_145_265,ANZULUNI,ISILOKETSHI,FLORIBERT,INDEPENDANT,M,Maniema,418,0.1,1643,2019,81,1059213,408784,547,409331,38.64,
17,24,1_1_1_133_253,MUZITO,FUMUTSHI,ADOLPHE,NOU.EL,M,Maniema,374,0.09,1643,2019,81,1059213,408784,547,409331,38.64,
17,22,1_1_1_128_248,MATATA,PONYO,MAPON,LGD,M,Maniema,1332,0.33,1643,2019,81,1059213,408784,547,409331,38.64,
17,7,1_1_1_142_262,BOLAMBA,,TONY CASSIUS,INDEPENDANT,M,Maniema,230,0.06,1643,2019,81,1059213,408784,547,409331,38.64,
18,7,1_1_1_142_262,BOLAMBA,,TONY CASSIUS,INDEPENDANT,M,Haut-Katanga,329,0.03,3914,4445,88,2764061,1069102,3437,1072539,38.8,
18,18,1_1_1_144_264,NKEMA LILOO,BOKONZI,LOLI,INDEPENDANT,M,Haut-Katanga,436,0.04,3914,4445,88,2764061,1069102,3437,1072539,38.8,
18,26,1_1_1_153_273,NGILA,,HENOCK,INDEPENDANT,M,Haut-Katanga,264,0.02,3914,4445,88,2764061,1069102,3437,1072539,38.8,
18,2,1_1_1_129_249,MUTAMBA,TUNGUNGA,CONSTANT,DYPRO,M,Haut-Katanga,2437,0.23,3914,4445,88,2764061,1069102,3437,1072539,38.8,
18,3,1_1_1_135_255,KATUMBI,CHAPWE,MOISE,ENSEMBLE,M,Haut-Katanga,712318,66.63,3914,4445,88,2764061,1069102,3437,1072539,38.8,
18,15,1_1_1_134_254,MUKWEGE,MUKENGERE,DENIS,INDEPENDANT,M,Haut-Katanga,989,0.09,3914,4445,88,2764061,1069102,3437,1072539,38.8,
18,16,1_1_1_136_256,NGALASI,KURISINI,AGGREY,INDEPENDANT,M,Haut-Katanga,550,0.05,3914,4445,88,2764061,1069102,3437,1072539,38.8,
18,9,1_1_1_139_259,IFOKU,MPUTA MPUNGA,MARIE-JOSEE,INDEPENDANT,F,Haut-Katanga,933,0.09,3914,4445,88,2764061,1069102,3437,1072539,38.8,
18,5,1_1_1_145_265,ANZULUNI,ISILOKETSHI,FLORIBERT,INDEPENDANT,M,Haut-Katanga,554,0.05,3914,4445,88,2764061,1069102,3437,1072539,38.8,
18,11,1_1_1_150_270,KIKUNI,MASUDI,SETH,INDEPENDANT,M,Haut-Katanga,889,0.08,3914,4445,88,2764061,1069102,3437,1072539,38.8,
18,19,1_1_1_141_261,TSHIANI K,MUADIAMVITA,NOEL,INDEPENDANT,M,Haut-Katanga,834,0.08,3914,4445,88,2764061,1069102,3437,1072539,38.8,
18,10,1_1_1_130_250,KAZADI,KANDA,REX,INDEPENDANT,M,Haut-Katanga,311,0.03,3914,4445,88,2764061,1069102,3437,1072539,38.8,
18,14,1_1_1_138_258,MUDEKEREZA,BISIMWA,JUSTIN,INDEPENDANT,M,Haut-Katanga,254,0.02,3914,4445,88,2764061,1069102,3437,1072539,38.8,
18,21,1_1_1_137_257,FAYULU,MADIDI,MARTIN,LAMUKAFAYULU,M,Haut-Katanga,2896,0.27,3914,4445,88,2764061,1069102,3437,1072539,38.8,
18,24,1_1_1_133_253,MUZITO,FUMUTSHI,ADOLPHE,NOU.EL,M,Haut-Katanga,484,0.05,3914,4445,88,2764061,1069102,3437,1072539,38.8,
18,17,1_1_1_146_266,NGOY,ILUNGA WA NSENGA,THEODORE,INDEPENDANT,M,Haut-Katanga,345,0.03,3914,4445,88,2764061,1069102,3437,1072539,38.8,
18,13,1_1_1_147_267,MASALU,ANEDU,ANDRE,INDEPENDANT,M,Haut-Katanga,718,0.07,3914,4445,88,2764061,1069102,3437,1072539,38.8,
18,12,1_1_1_151_271,MAJONDO,MWAMBA,PATRICE,INDEPENDANT,M,Haut-Katanga,1124,0.11,3914,4445,88,2764061,1069102,3437,1072539,38.8,
18,1,1_1_1_131_251,RADJABHO,TEBABHO,SOBORABO,CUC,M,Haut-Katanga,1204,0.11,3914,4445,88,2764061,1069102,3437,1072539,38.8,
18,4,1_1_1_149_269,SESANGA,HIPUNGU DJA KASENG KAPITU,DELLY,ENVOL,M,Haut-Katanga,1094,0.1,3914,4445,88,2764061,1069102,3437,1072539,38.8,
18,25,1_1_1_152_272,BILE,BATALI,JOELLE,INDEPENDANT,F,Haut-Katanga,397,0.04,3914,4445,88,2764061,1069102,3437,1072539,38.8,
18,22,1_1_1_128_248,MATATA,PONYO,MAPON,LGD,M,Haut-Katanga,1008,0.09,3914,4445,88,2764061,1069102,3437,1072539,38.8,
18,8,1_1_1_140_260,BUSE,FALAY,GEORGES,INDEPENDANT,M,Haut-Katanga,211,0.02,3914,4445,88,2764061,1069102,3437,1072539,38.8,
18,6,1_1_1_148_268,BAENDE,ETAFE ELIKO,JEAN CLAUDE,INDEPENDANT,M,Haut-Katanga,317,0.03,3914,4445,88,2764061,1069102,3437,1072539,38.8,
18,20,1_1_1_143_263,TSHISEKEDI,TSHILOMBO,FELIX ANTOINE,INDEPENDANT,M,Haut-Katanga,337783,31.6,3914,4445,88,2764061,1069102,3437,1072539,38.8,
18,23,1_1_1_132_252,DIONGO,SHAMBA,FRANCK,MLP,M,Haut-Katanga,423,0.04,3914,4445,88,2764061,1069102,3437,1072539,38.8,
19,4,1_1_1_149_269,SESANGA,HIPUNGU DJA KASENG KAPITU,DELLY,ENVOL,M,Haut-Lomami,630,0.1,1896,2372,80,1298449,639697,762,640459,49.32,
19,13,1_1_1_147_267,MASALU,ANEDU,ANDRE,INDEPENDANT,M,Haut-Lomami,387,0.06,1896,2372,80,1298449,639697,762,640459,49.32,
19,5,1_1_1_145_265,ANZULUNI,ISILOKETSHI,FLORIBERT,INDEPENDANT,M,Haut-Lomami,273,0.04,1896,2372,80,1298449,639697,762,640459,49.32,
19,26,1_1_1_153_273,NGILA,,HENOCK,INDEPENDANT,M,Haut-Lomami,161,0.03,1896,2372,80,1298449,639697,762,640459,49.32,
19,21,1_1_1_137_257,FAYULU,MADIDI,MARTIN,LAMUKAFAYULU,M,Haut-Lomami,1111,0.17,1896,2372,80,1298449,639697,762,640459,49.32,
19,20,1_1_1_143_263,TSHISEKEDI,TSHILOMBO,FELIX ANTOINE,INDEPENDANT,M,Haut-Lomami,65873,10.3,1896,2372,80,1298449,639697,762,640459,49.32,
19,7,1_1_1_142_262,BOLAMBA,,TONY CASSIUS,INDEPENDANT,M,Haut-Lomami,153,0.02,1896,2372,80,1298449,639697,762,640459,49.32,
19,16,1_1_1_136_256,NGALASI,KURISINI,AGGREY,INDEPENDANT,M,Haut-Lomami,90,0.01,1896,2372,80,1298449,639697,762,640459,49.32,
19,22,1_1_1_128_248,MATATA,PONYO,MAPON,LGD,M,Haut-Lomami,1295,0.2,1896,2372,80,1298449,639697,762,640459,49.32,
19,14,1_1_1_138_258,MUDEKEREZA,BISIMWA,JUSTIN,INDEPENDANT,M,Haut-Lomami,138,0.02,1896,2372,80,1298449,639697,762,640459,49.32,
19,10,1_1_1_130_250,KAZADI,KANDA,REX,INDEPENDANT,M,Haut-Lomami,218,0.03,1896,2372,80,1298449,639697,762,640459,49.32,
19,17,1_1_1_146_266,NGOY,ILUNGA WA NSENGA,THEODORE,INDEPENDANT,M,Haut-Lomami,557,0.09,1896,2372,80,1298449,639697,762,640459,49.32,
19,8,1_1_1_140_260,BUSE,FALAY,GEORGES,INDEPENDANT,M,Haut-Lomami,130,0.02,1896,2372,80,1298449,639697,762,640459,49.32,
19,6,1_1_1_148_268,BAENDE,ETAFE ELIKO,JEAN CLAUDE,INDEPENDANT,M,Haut-Lomami,177,0.03,1896,2372,80,1298449,639697,762,640459,49.32,
19,23,1_1_1_132_252,DIONGO,SHAMBA,FRANCK,MLP,M,Haut-Lomami,183,0.03,1896,2372,80,1298449,639697,762,640459,49.32,
19,25,1_1_1_152_272,BILE,BATALI,JOELLE,INDEPENDANT,F,Haut-Lomami,409,0.06,1896,2372,80,1298449,639697,762,640459,49.32,
19,12,1_1_1_151_271,MAJONDO,MWAMBA,PATRICE,INDEPENDANT,M,Haut-Lomami,668,0.1,1896,2372,80,1298449,639697,762,640459,49.32,
19,24,1_1_1_133_253,MUZITO,FUMUTSHI,ADOLPHE,NOU.EL,M,Haut-Lomami,152,0.02,1896,2372,80,1298449,639697,762,640459,49.32,
19,19,1_1_1_141_261,TSHIANI K,MUADIAMVITA,NOEL,INDEPENDANT,M,Haut-Lomami,500,0.08,1896,2372,80,1298449,639697,762,640459,49.32,
19,18,1_1_1_144_264,NKEMA LILOO,BOKONZI,LOLI,INDEPENDANT,M,Haut-Lomami,244,0.04,1896,2372,80,1298449,639697,762,640459,49.32,
19,9,1_1_1_139_259,IFOKU,MPUTA MPUNGA,MARIE-JOSEE,INDEPENDANT,F,Haut-Lomami,695,0.11,1896,2372,80,1298449,639697,762,640459,49.32,
19,15,1_1_1_134_254,MUKWEGE,MUKENGERE,DENIS,INDEPENDANT,M,Haut-Lomami,246,0.04,1896,2372,80,1298449,639697,762,640459,49.32,
19,1,1_1_1_131_251,RADJABHO,TEBABHO,SOBORABO,CUC,M,Haut-Lomami,633,0.1,1896,2372,80,1298449,639697,762,640459,49.32,
19,2,1_1_1_129_249,MUTAMBA,TUNGUNGA,CONSTANT,DYPRO,M,Haut-Lomami,340,0.05,1896,2372,80,1298449,639697,762,640459,49.32,
19,3,1_1_1_135_255,KATUMBI,CHAPWE,MOISE,ENSEMBLE,M,Haut-Lomami,563850,88.14,1896,2372,80,1298449,639697,762,640459,49.32,
19,11,1_1_1_150_270,KIKUNI,MASUDI,SETH,INDEPENDANT,M,Haut-Lomami,584,0.09,1896,2372,80,1298449,639697,762,640459,49.32,
20,8,1_1_1_140_260,BUSE,FALAY,GEORGES,INDEPENDANT,M,Lualaba,125,0.03,1889,2143,88,1229673,465537,433,465970,37.89,
20,16,1_1_1_136_256,NGALASI,KURISINI,AGGREY,INDEPENDANT,M,Lualaba,120,0.03,1889,2143,88,1229673,465537,433,465970,37.89,
20,12,1_1_1_151_271,MAJONDO,MWAMBA,PATRICE,INDEPENDANT,M,Lualaba,490,0.11,1889,2143,88,1229673,465537,433,465970,37.89,
20,5,1_1_1_145_265,ANZULUNI,ISILOKETSHI,FLORIBERT,INDEPENDANT,M,Lualaba,218,0.05,1889,2143,88,1229673,465537,433,465970,37.89,
20,13,1_1_1_147_267,MASALU,ANEDU,ANDRE,INDEPENDANT,M,Lualaba,229,0.05,1889,2143,88,1229673,465537,433,465970,37.89,
20,17,1_1_1_146_266,NGOY,ILUNGA WA NSENGA,THEODORE,INDEPENDANT,M,Lualaba,144,0.03,1889,2143,88,1229673,465537,433,465970,37.89,
20,25,1_1_1_152_272,BILE,BATALI,JOELLE,INDEPENDANT,F,Lualaba,142,0.03,1889,2143,88,1229673,465537,433,465970,37.89,
20,7,1_1_1_142_262,BOLAMBA,,TONY CASSIUS,INDEPENDANT,M,Lualaba,147,0.03,1889,2143,88,1229673,465537,433,465970,37.89,
20,14,1_1_1_138_258,MUDEKEREZA,BISIMWA,JUSTIN,INDEPENDANT,M,Lualaba,92,0.02,1889,2143,88,1229673,465537,433,465970,37.89,
20,21,1_1_1_137_257,FAYULU,MADIDI,MARTIN,LAMUKAFAYULU,M,Lualaba,829,0.18,1889,2143,88,1229673,465537,433,465970,37.89,
20,23,1_1_1_132_252,DIONGO,SHAMBA,FRANCK,MLP,M,Lualaba,148,0.03,1889,2143,88,1229673,465537,433,465970,37.89,
20,2,1_1_1_129_249,MUTAMBA,TUNGUNGA,CONSTANT,DYPRO,M,Lualaba,420,0.09,1889,2143,88,1229673,465537,433,465970,37.89,
20,4,1_1_1_149_269,SESANGA,HIPUNGU DJA KASENG KAPITU,DELLY,ENVOL,M,Lualaba,407,0.09,1889,2143,88,1229673,465537,433,465970,37.89,
20,18,1_1_1_144_264,NKEMA LILOO,BOKONZI,LOLI,INDEPENDANT,M,Lualaba,186,0.04,1889,2143,88,1229673,465537,433,465970,37.89,
20,9,1_1_1_139_259,IFOKU,MPUTA MPUNGA,MARIE-JOSEE,INDEPENDANT,F,Lualaba,330,0.07,1889,2143,88,1229673,465537,433,465970,37.89,
20,24,1_1_1_133_253,MUZITO,FUMUTSHI,ADOLPHE,NOU.EL,M,Lualaba,144,0.03,1889,2143,88,1229673,465537,433,465970,37.89,
20,11,1_1_1_150_270,KIKUNI,MASUDI,SETH,INDEPENDANT,M,Lualaba,622,0.13,1889,2143,88,1229673,465537,433,465970,37.89,
20,26,1_1_1_153_273,NGILA,,HENOCK,INDEPENDANT,M,Lualaba,73,0.02,1889,2143,88,1229673,465537,433,465970,37.89,
20,15,1_1_1_134_254,MUKWEGE,MUKENGERE,DENIS,INDEPENDANT,M,Lualaba,315,0.07,1889,2143,88,1229673,465537,433,465970,37.89,
20,22,1_1_1_128_248,MATATA,PONYO,MAPON,LGD,M,Lualaba,553,0.12,1889,2143,88,1229673,465537,433,465970,37.89,
20,1,1_1_1_131_251,RADJABHO,TEBABHO,SOBORABO,CUC,M,Lualaba,379,0.08,1889,2143,88,1229673,465537,433,465970,37.89,
20,19,1_1_1_141_261,TSHIANI K,MUADIAMVITA,NOEL,INDEPENDANT,M,Lualaba,331,0.07,1889,2143,88,1229673,465537,433,465970,37.89,
20,10,1_1_1_130_250,KAZADI,KANDA,REX,INDEPENDANT,M,Lualaba,111,0.02,1889,2143,88,1229673,465537,433,465970,37.89,
20,20,1_1_1_143_263,TSHISEKEDI,TSHILOMBO,FELIX ANTOINE,INDEPENDANT,M,Lualaba,55724,11.97,1889,2143,88,1229673,465537,433,465970,37.89,
20,3,1_1_1_135_255,KATUMBI,CHAPWE,MOISE,ENSEMBLE,M,Lualaba,403146,86.6,1889,2143,88,1229673,465537,433,465970,37.89,
20,6,1_1_1_148_268,BAENDE,ETAFE ELIKO,JEAN CLAUDE,INDEPENDANT,M,Lualaba,112,0.02,1889,2143,88,1229673,465537,433,465970,37.89,
21,16,1_1_1_136_256,NGALASI,KURISINI,AGGREY,INDEPENDANT,M,Tanganyika,102,0.03,1850,2237,83,1259722,391434,757,392191,31.13,
21,12,1_1_1_151_271,MAJONDO,MWAMBA,PATRICE,INDEPENDANT,M,Tanganyika,775,0.2,1850,2237,83,1259722,391434,757,392191,31.13,
21,5,1_1_1_145_265,ANZULUNI,ISILOKETSHI,FLORIBERT,INDEPENDANT,M,Tanganyika,412,0.11,1850,2237,83,1259722,391434,757,392191,31.13,
21,20,1_1_1_143_263,TSHISEKEDI,TSHILOMBO,FELIX ANTOINE,INDEPENDANT,M,Tanganyika,67927,17.35,1850,2237,83,1259722,391434,757,392191,31.13,
21,7,1_1_1_142_262,BOLAMBA,,TONY CASSIUS,INDEPENDANT,M,Tanganyika,214,0.05,1850,2237,83,1259722,391434,757,392191,31.13,
21,24,1_1_1_133_253,MUZITO,FUMUTSHI,ADOLPHE,NOU.EL,M,Tanganyika,187,0.05,1850,2237,83,1259722,391434,757,392191,31.13,
21,9,1_1_1_139_259,IFOKU,MPUTA MPUNGA,MARIE-JOSEE,INDEPENDANT,F,Tanganyika,515,0.13,1850,2237,83,1259722,391434,757,392191,31.13,
21,13,1_1_1_147_267,MASALU,ANEDU,ANDRE,INDEPENDANT,M,Tanganyika,559,0.14,1850,2237,83,1259722,391434,757,392191,31.13,
21,1,1_1_1_131_251,RADJABHO,TEBABHO,SOBORABO,CUC,M,Tanganyika,705,0.18,1850,2237,83,1259722,391434,757,392191,31.13,
21,21,1_1_1_137_257,FAYULU,MADIDI,MARTIN,LAMUKAFAYULU,M,Tanganyika,1218,0.31,1850,2237,83,1259722,391434,757,392191,31.13,
21,14,1_1_1_138_258,MUDEKEREZA,BISIMWA,JUSTIN,INDEPENDANT,M,Tanganyika,262,0.07,1850,2237,83,1259722,391434,757,392191,31.13,
21,4,1_1_1_149_269,SESANGA,HIPUNGU DJA KASENG KAPITU,DELLY,ENVOL,M,Tanganyika,792,0.2,1850,2237,83,1259722,391434,757,392191,31.13,
21,2,1_1_1_129_249,MUTAMBA,TUNGUNGA,CONSTANT,DYPRO,M,Tanganyika,1972,0.5,1850,2237,83,1259722,391434,757,392191,31.13,
21,18,1_1_1_144_264,NKEMA LILOO,BOKONZI,LOLI,INDEPENDANT,M,Tanganyika,325,0.08,1850,2237,83,1259722,391434,757,392191,31.13,
21,25,1_1_1_152_272,BILE,BATALI,JOELLE,INDEPENDANT,F,Tanganyika,247,0.06,1850,2237,83,1259722,391434,757,392191,31.13,
21,23,1_1_1_132_252,DIONGO,SHAMBA,FRANCK,MLP,M,Tanganyika,285,0.07,1850,2237,83,1259722,391434,757,392191,31.13,
21,11,1_1_1_150_270,KIKUNI,MASUDI,SETH,INDEPENDANT,M,Tanganyika,523,0.13,1850,2237,83,1259722,391434,757,392191,31.13,
21,17,1_1_1_146_266,NGOY,ILUNGA WA NSENGA,THEODORE,INDEPENDANT,M,Tanganyika,224,0.06,1850,2237,83,1259722,391434,757,392191,31.13,
21,8,1_1_1_140_260,BUSE,FALAY,GEORGES,INDEPENDANT,M,Tanganyika,125,0.03,1850,2237,83,1259722,391434,757,392191,31.13,
21,19,1_1_1_141_261,TSHIANI K,MUADIAMVITA,NOEL,INDEPENDANT,M,Tanganyika,398,0.1,1850,2237,83,1259722,391434,757,392191,31.13,
21,10,1_1_1_130_250,KAZADI,KANDA,REX,INDEPENDANT,M,Tanganyika,159,0.04,1850,2237,83,1259722,391434,757,392191,31.13,
21,22,1_1_1_128_248,MATATA,PONYO,MAPON,LGD,M,Tanganyika,792,0.2,1850,2237,83,1259722,391434,757,392191,31.13,
21,15,1_1_1_134_254,MUKWEGE,MUKENGERE,DENIS,INDEPENDANT,M,Tanganyika,696,0.18,1850,2237,83,1259722,391434,757,392191,31.13,
21,6,1_1_1_148_268,BAENDE,ETAFE ELIKO,JEAN CLAUDE,INDEPENDANT,M,Tanganyika,351,0.09,1850,2237,83,1259722,391434,757,392191,31.13,
21,26,1_1_1_153_273,NGILA,,HENOCK,INDEPENDANT,M,Tanganyika,162,0.04,1850,2237,83,1259722,391434,757,392191,31.13,
21,3,1_1_1_135_255,KATUMBI,CHAPWE,MOISE,ENSEMBLE,M,Tanganyika,311507,79.58,1850,2237,83,1259722,391434,757,392191,31.13,
22,25,1_1_1_152_272,BILE,BATALI,JOELLE,INDEPENDANT,F,Lomami,97,0.02,2181,2549,86,1279171,595330,206,595536,46.56,
22,15,1_1_1_134_254,MUKWEGE,MUKENGERE,DENIS,INDEPENDANT,M,Lomami,79,0.01,2181,2549,86,1279171,595330,206,595536,46.56,
22,22,1_1_1_128_248,MATATA,PONYO,MAPON,LGD,M,Lomami,135,0.02,2181,2549,86,1279171,595330,206,595536,46.56,
22,11,1_1_1_150_270,KIKUNI,MASUDI,SETH,INDEPENDANT,M,Lomami,79,0.01,2181,2549,86,1279171,595330,206,595536,46.56,
22,19,1_1_1_141_261,TSHIANI K,MUADIAMVITA,NOEL,INDEPENDANT,M,Lomami,146,0.02,2181,2549,86,1279171,595330,206,595536,46.56,
22,3,1_1_1_135_255,KATUMBI,CHAPWE,MOISE,ENSEMBLE,M,Lomami,5392,0.91,2181,2549,86,1279171,595330,206,595536,46.56,
22,1,1_1_1_131_251,RADJABHO,TEBABHO,SOBORABO,CUC,M,Lomami,1311,0.22,2181,2549,86,1279171,595330,206,595536,46.56,
22,5,1_1_1_145_265,ANZULUNI,ISILOKETSHI,FLORIBERT,INDEPENDANT,M,Lomami,157,0.03,2181,2549,86,1279171,595330,206,595536,46.56,
22,9,1_1_1_139_259,IFOKU,MPUTA MPUNGA,MARIE-JOSEE,INDEPENDANT,F,Lomami,179,0.03,2181,2549,86,1279171,595330,206,595536,46.56,
22,16,1_1_1_136_256,NGALASI,KURISINI,AGGREY,INDEPENDANT,M,Lomami,85,0.01,2181,2549,86,1279171,595330,206,595536,46.56,
22,7,1_1_1_142_262,BOLAMBA,,TONY CASSIUS,INDEPENDANT,M,Lomami,135,0.02,2181,2549,86,1279171,595330,206,595536,46.56,
22,14,1_1_1_138_258,MUDEKEREZA,BISIMWA,JUSTIN,INDEPENDANT,M,Lomami,85,0.01,2181,2549,86,1279171,595330,206,595536,46.56,
22,13,1_1_1_147_267,MASALU,ANEDU,ANDRE,INDEPENDANT,M,Lomami,203,0.03,2181,2549,86,1279171,595330,206,595536,46.56,
22,21,1_1_1_137_257,FAYULU,MADIDI,MARTIN,LAMUKAFAYULU,M,Lomami,934,0.16,2181,2549,86,1279171,595330,206,595536,46.56,
22,4,1_1_1_149_269,SESANGA,HIPUNGU DJA KASENG KAPITU,DELLY,ENVOL,M,Lomami,248,0.04,2181,2549,86,1279171,595330,206,595536,46.56,
22,2,1_1_1_129_249,MUTAMBA,TUNGUNGA,CONSTANT,DYPRO,M,Lomami,13227,2.22,2181,2549,86,1279171,595330,206,595536,46.56,
22,10,1_1_1_130_250,KAZADI,KANDA,REX,INDEPENDANT,M,Lomami,125,0.02,2181,2549,86,1279171,595330,206,595536,46.56,
22,6,1_1_1_148_268,BAENDE,ETAFE ELIKO,JEAN CLAUDE,INDEPENDANT,M,Lomami,152,0.03,2181,2549,86,1279171,595330,206,595536,46.56,
22,17,1_1_1_146_266,NGOY,ILUNGA WA NSENGA,THEODORE,INDEPENDANT,M,Lomami,62,0.01,2181,2549,86,1279171,595330,206,595536,46.56,
22,8,1_1_1_140_260,BUSE,FALAY,GEORGES,INDEPENDANT,M,Lomami,109,0.02,2181,2549,86,1279171,595330,206,595536,46.56,
22,23,1_1_1_132_252,DIONGO,SHAMBA,FRANCK,MLP,M,Lomami,75,0.01,2181,2549,86,1279171,595330,206,595536,46.56,
22,24,1_1_1_133_253,MUZITO,FUMUTSHI,ADOLPHE,NOU.EL,M,Lomami,85,0.01,2181,2549,86,1279171,595330,206,595536,46.56,
22,26,1_1_1_153_273,NGILA,,HENOCK,INDEPENDANT,M,Lomami,90,0.02,2181,2549,86,1279171,595330,206,595536,46.56,
22,12,1_1_1_151_271,MAJONDO,MWAMBA,PATRICE,INDEPENDANT,M,Lomami,202,0.03,2181,2549,86,1279171,595330,206,595536,46.56,
22,20,1_1_1_143_263,TSHISEKEDI,TSHILOMBO,FELIX ANTOINE,INDEPENDANT,M,Lomami,571855,96.06,2181,2549,86,1279171,595330,206,595536,46.56,
22,18,1_1_1_144_264,NKEMA LILOO,BOKONZI,LOLI,INDEPENDANT,M,Lomami,83,0.01,2181,2549,86,1279171,595330,206,595536,46.56,
23,23,1_1_1_132_252,DIONGO,SHAMBA,FRANCK,MLP,M,Sankuru,545,0.08,1972,2444,81,1039924,699469,641,700110,67.32,
23,8,1_1_1_140_260,BUSE,FALAY,GEORGES,INDEPENDANT,M,Sankuru,125,0.02,1972,2444,81,1039924,699469,641,700110,67.32,
23,26,1_1_1_153_273,NGILA,,HENOCK,INDEPENDANT,M,Sankuru,96,0.01,1972,2444,81,1039924,699469,641,700110,67.32,
23,12,1_1_1_151_271,MAJONDO,MWAMBA,PATRICE,INDEPENDANT,M,Sankuru,307,0.04,1972,2444,81,1039924,699469,641,700110,67.32,
23,22,1_1_1_128_248,MATATA,PONYO,MAPON,LGD,M,Sankuru,362,0.05,1972,2444,81,1039924,699469,641,700110,67.32,
23,10,1_1_1_130_250,KAZADI,KANDA,REX,INDEPENDANT,M,Sankuru,152,0.02,1972,2444,81,1039924,699469,641,700110,67.32,
23,13,1_1_1_147_267,MASALU,ANEDU,ANDRE,INDEPENDANT,M,Sankuru,226,0.03,1972,2444,81,1039924,699469,641,700110,67.32,
23,2,1_1_1_129_249,MUTAMBA,TUNGUNGA,CONSTANT,DYPRO,M,Sankuru,906,0.13,1972,2444,81,1039924,699469,641,700110,67.32,
23,21,1_1_1_137_257,FAYULU,MADIDI,MARTIN,LAMUKAFAYULU,M,Sankuru,2494,0.36,1972,2444,81,1039924,699469,641,700110,67.32,
23,4,1_1_1_149_269,SESANGA,HIPUNGU DJA KASENG KAPITU,DELLY,ENVOL,M,Sankuru,389,0.06,1972,2444,81,1039924,699469,641,700110,67.32,
23,14,1_1_1_138_258,MUDEKEREZA,BISIMWA,JUSTIN,INDEPENDANT,M,Sankuru,81,0.01,1972,2444,81,1039924,699469,641,700110,67.32,
23,7,1_1_1_142_262,BOLAMBA,,TONY CASSIUS,INDEPENDANT,M,Sankuru,197,0.03,1972,2444,81,1039924,699469,641,700110,67.32,
23,16,1_1_1_136_256,NGALASI,KURISINI,AGGREY,INDEPENDANT,M,Sankuru,53,0.01,1972,2444,81,1039924,699469,641,700110,67.32,
23,9,1_1_1_139_259,IFOKU,MPUTA MPUNGA,MARIE-JOSEE,INDEPENDANT,F,Sankuru,471,0.07,1972,2444,81,1039924,699469,641,700110,67.32,
23,5,1_1_1_145_265,ANZULUNI,ISILOKETSHI,FLORIBERT,INDEPENDANT,M,Sankuru,201,0.03,1972,2444,81,1039924,699469,641,700110,67.32,
23,18,1_1_1_144_264,NKEMA LILOO,BOKONZI,LOLI,INDEPENDANT,M,Sankuru,121,0.02,1972,2444,81,1039924,699469,641,700110,67.32,
23,3,1_1_1_135_255,KATUMBI,CHAPWE,MOISE,ENSEMBLE,M,Sankuru,59023,8.44,1972,2444,81,1039924,699469,641,700110,67.32,
23,1,1_1_1_131_251,RADJABHO,TEBABHO,SOBORABO,CUC,M,Sankuru,618,0.09,1972,2444,81,1039924,699469,641,700110,67.32,
23,11,1_1_1_150_270,KIKUNI,MASUDI,SETH,INDEPENDANT,M,Sankuru,265,0.04,1972,2444,81,1039924,699469,641,700110,67.32,
23,24,1_1_1_133_253,MUZITO,FUMUTSHI,ADOLPHE,NOU.EL,M,Sankuru,180,0.03,1972,2444,81,1039924,699469,641,700110,67.32,
23,17,1_1_1_146_266,NGOY,ILUNGA WA NSENGA,THEODORE,INDEPENDANT,M,Sankuru,89,0.01,1972,2444,81,1039924,699469,641,700110,67.32,
23,15,1_1_1_134_254,MUKWEGE,MUKENGERE,DENIS,INDEPENDANT,M,Sankuru,117,0.02,1972,2444,81,1039924,699469,641,700110,67.32,
23,6,1_1_1_148_268,BAENDE,ETAFE ELIKO,JEAN CLAUDE,INDEPENDANT,M,Sankuru,266,0.04,1972,2444,81,1039924,699469,641,700110,67.32,
23,19,1_1_1_141_261,TSHIANI K,MUADIAMVITA,NOEL,INDEPENDANT,M,Sankuru,387,0.06,1972,2444,81,1039924,699469,641,700110,67.32,
23,20,1_1_1_143_263,TSHISEKEDI,TSHILOMBO,FELIX ANTOINE,INDEPENDANT,M,Sankuru,631504,90.28,1972,2444,81,1039924,699469,641,700110,67.32,
23,25,1_1_1_152_272,BILE,BATALI,JOELLE,INDEPENDANT,F,Sankuru,294,0.04,1972,2444,81,1039924,699469,641,700110,67.32,
24,18,1_1_1_144_264,NKEMA LILOO,BOKONZI,LOLI,INDEPENDANT,M,Kasai Oriental,40,0.01,1879,2035,92,1125004,543377,85,543462,48.31,
24,13,1_1_1_147_267,MASALU,ANEDU,ANDRE,INDEPENDANT,M,Kasai Oriental,126,0.02,1879,2035,92,1125004,543377,85,543462,48.31,
24,10,1_1_1_130_250,KAZADI,KANDA,REX,INDEPENDANT,M,Kasai Oriental,31,0.01,1879,2035,92,1125004,543377,85,543462,48.31,
24,9,1_1_1_139_259,IFOKU,MPUTA MPUNGA,MARIE-JOSEE,INDEPENDANT,F,Kasai Oriental,76,0.01,1879,2035,92,1125004,543377,85,543462,48.31,
24,14,1_1_1_138_258,MUDEKEREZA,BISIMWA,JUSTIN,INDEPENDANT,M,Kasai Oriental,41,0.01,1879,2035,92,1125004,543377,85,543462,48.31,
24,20,1_1_1_143_263,TSHISEKEDI,TSHILOMBO,FELIX ANTOINE,INDEPENDANT,M,Kasai Oriental,540800,99.53,1879,2035,92,1125004,543377,85,543462,48.31,
24,19,1_1_1_141_261,TSHIANI K,MUADIAMVITA,NOEL,INDEPENDANT,M,Kasai Oriental,52,0.01,1879,2035,92,1125004,543377,85,543462,48.31,
24,24,1_1_1_133_253,MUZITO,FUMUTSHI,ADOLPHE,NOU.EL,M,Kasai Oriental,39,0.01,1879,2035,92,1125004,543377,85,543462,48.31,
24,17,1_1_1_146_266,NGOY,ILUNGA WA NSENGA,THEODORE,INDEPENDANT,M,Kasai Oriental,24,0,1879,2035,92,1125004,543377,85,543462,48.31,
24,12,1_1_1_151_271,MAJONDO,MWAMBA,PATRICE,INDEPENDANT,M,Kasai Oriental,99,0.02,1879,2035,92,1125004,543377,85,543462,48.31,
24,23,1_1_1_132_252,DIONGO,SHAMBA,FRANCK,MLP,M,Kasai Oriental,29,0.01,1879,2035,92,1125004,543377,85,543462,48.31,
24,15,1_1_1_134_254,MUKWEGE,MUKENGERE,DENIS,INDEPENDANT,M,Kasai Oriental,37,0.01,1879,2035,92,1125004,543377,85,543462,48.31,
24,1,1_1_1_131_251,RADJABHO,TEBABHO,SOBORABO,CUC,M,Kasai Oriental,711,0.13,1879,2035,92,1125004,543377,85,543462,48.31,
24,21,1_1_1_137_257,FAYULU,MADIDI,MARTIN,LAMUKAFAYULU,M,Kasai Oriental,184,0.03,1879,2035,92,1125004,543377,85,543462,48.31,
24,7,1_1_1_142_262,BOLAMBA,,TONY CASSIUS,INDEPENDANT,M,Kasai Oriental,66,0.01,1879,2035,92,1125004,543377,85,543462,48.31,
24,26,1_1_1_153_273,NGILA,,HENOCK,INDEPENDANT,M,Kasai Oriental,36,0.01,1879,2035,92,1125004,543377,85,543462,48.31,
24,22,1_1_1_128_248,MATATA,PONYO,MAPON,LGD,M,Kasai Oriental,53,0.01,1879,2035,92,1125004,543377,85,543462,48.31,
24,5,1_1_1_145_265,ANZULUNI,ISILOKETSHI,FLORIBERT,INDEPENDANT,M,Kasai Oriental,70,0.01,1879,2035,92,1125004,543377,85,543462,48.31,
24,25,1_1_1_152_272,BILE,BATALI,JOELLE,INDEPENDANT,F,Kasai Oriental,59,0.01,1879,2035,92,1125004,543377,85,543462,48.31,
24,4,1_1_1_149_269,SESANGA,HIPUNGU DJA KASENG KAPITU,DELLY,ENVOL,M,Kasai Oriental,92,0.02,1879,2035,92,1125004,543377,85,543462,48.31,
24,6,1_1_1_148_268,BAENDE,ETAFE ELIKO,JEAN CLAUDE,INDEPENDANT,M,Kasai Oriental,59,0.01,1879,2035,92,1125004,543377,85,543462,48.31,
24,8,1_1_1_140_260,BUSE,FALAY,GEORGES,INDEPENDANT,M,Kasai Oriental,29,0.01,1879,2035,92,1125004,543377,85,543462,48.31,
24,3,1_1_1_135_255,KATUMBI,CHAPWE,MOISE,ENSEMBLE,M,Kasai Oriental,291,0.05,1879,2035,92,1125004,543377,85,543462,48.31,
24,16,1_1_1_136_256,NGALASI,KURISINI,AGGREY,INDEPENDANT,M,Kasai Oriental,26,0,1879,2035,92,1125004,543377,85,543462,48.31,
24,2,1_1_1_129_249,MUTAMBA,TUNGUNGA,CONSTANT,DYPRO,M,Kasai Oriental,258,0.05,1879,2035,92,1125004,543377,85,543462,48.31,
24,11,1_1_1_150_270,KIKUNI,MASUDI,SETH,INDEPENDANT,M,Kasai Oriental,49,0.01,1879,2035,92,1125004,543377,85,543462,48.31,
25,17,1_1_1_146_266,NGOY,ILUNGA WA NSENGA,THEODORE,INDEPENDANT,M,Kasai,47,0,2690,3209,84,1681469,1080176,497,1080673,64.27,
25,7,1_1_1_142_262,BOLAMBA,,TONY CASSIUS,INDEPENDANT,M,Kasai,94,0.01,2690,3209,84,1681469,1080176,497,1080673,64.27,
25,20,1_1_1_143_263,TSHISEKEDI,TSHILOMBO,FELIX ANTOINE,INDEPENDANT,M,Kasai,1030300,95.38,2690,3209,84,1681469,1080176,497,1080673,64.27,
25,18,1_1_1_144_264,NKEMA LILOO,BOKONZI,LOLI,INDEPENDANT,M,Kasai,86,0.01,2690,3209,84,1681469,1080176,497,1080673,64.27,
25,5,1_1_1_145_265,ANZULUNI,ISILOKETSHI,FLORIBERT,INDEPENDANT,M,Kasai,939,0.09,2690,3209,84,1681469,1080176,497,1080673,64.27,
25,11,1_1_1_150_270,KIKUNI,MASUDI,SETH,INDEPENDANT,M,Kasai,129,0.01,2690,3209,84,1681469,1080176,497,1080673,64.27,
25,26,1_1_1_153_273,NGILA,,HENOCK,INDEPENDANT,M,Kasai,106,0.01,2690,3209,84,1681469,1080176,497,1080673,64.27,
25,22,1_1_1_128_248,MATATA,PONYO,MAPON,LGD,M,Kasai,186,0.02,2690,3209,84,1681469,1080176,497,1080673,64.27,
25,2,1_1_1_129_249,MUTAMBA,TUNGUNGA,CONSTANT,DYPRO,M,Kasai,246,0.02,2690,3209,84,1681469,1080176,497,1080673,64.27,
25,25,1_1_1_152_272,BILE,BATALI,JOELLE,INDEPENDANT,F,Kasai,146,0.01,2690,3209,84,1681469,1080176,497,1080673,64.27,
25,10,1_1_1_130_250,KAZADI,KANDA,REX,INDEPENDANT,M,Kasai,68,0.01,2690,3209,84,1681469,1080176,497,1080673,64.27,
25,1,1_1_1_131_251,RADJABHO,TEBABHO,SOBORABO,CUC,M,Kasai,540,0.05,2690,3209,84,1681469,1080176,497,1080673,64.27,
25,12,1_1_1_151_271,MAJONDO,MWAMBA,PATRICE,INDEPENDANT,M,Kasai,274,0.03,2690,3209,84,1681469,1080176,497,1080673,64.27,
25,23,1_1_1_132_252,DIONGO,SHAMBA,FRANCK,MLP,M,Kasai,141,0.01,2690,3209,84,1681469,1080176,497,1080673,64.27,
25,24,1_1_1_133_253,MUZITO,FUMUTSHI,ADOLPHE,NOU.EL,M,Kasai,16696,1.55,2690,3209,84,1681469,1080176,497,1080673,64.27,
25,15,1_1_1_134_254,MUKWEGE,MUKENGERE,DENIS,INDEPENDANT,M,Kasai,129,0.01,2690,3209,84,1681469,1080176,497,1080673,64.27,
25,13,1_1_1_147_267,MASALU,ANEDU,ANDRE,INDEPENDANT,M,Kasai,155,0.01,2690,3209,84,1681469,1080176,497,1080673,64.27,
25,3,1_1_1_135_255,KATUMBI,CHAPWE,MOISE,ENSEMBLE,M,Kasai,24894,2.3,2690,3209,84,1681469,1080176,497,1080673,64.27,
25,8,1_1_1_140_260,BUSE,FALAY,GEORGES,INDEPENDANT,M,Kasai,53,0,2690,3209,84,1681469,1080176,497,1080673,64.27,
25,9,1_1_1_139_259,IFOKU,MPUTA MPUNGA,MARIE-JOSEE,INDEPENDANT,F,Kasai,247,0.02,2690,3209,84,1681469,1080176,497,1080673,64.27,
25,19,1_1_1_141_261,TSHIANI K,MUADIAMVITA,NOEL,INDEPENDANT,M,Kasai,269,0.02,2690,3209,84,1681469,1080176,497,1080673,64.27,
25,6,1_1_1_148_268,BAENDE,ETAFE ELIKO,JEAN CLAUDE,INDEPENDANT,M,Kasai,89,0.01,2690,3209,84,1681469,1080176,497,1080673,64.27,
25,16,1_1_1_136_256,NGALASI,KURISINI,AGGREY,INDEPENDANT,M,Kasai,185,0.02,2690,3209,84,1681469,1080176,497,1080673,64.27,
25,14,1_1_1_138_258,MUDEKEREZA,BISIMWA,JUSTIN,INDEPENDANT,M,Kasai,176,0.02,2690,3209,84,1681469,1080176,497,1080673,64.27,
25,21,1_1_1_137_257,FAYULU,MADIDI,MARTIN,LAMUKAFAYULU,M,Kasai,3581,0.33,2690,3209,84,1681469,1080176,497,1080673,64.27,
25,4,1_1_1_149_269,SESANGA,HIPUNGU DJA KASENG KAPITU,DELLY,ENVOL,M,Kasai,400,0.04,2690,3209,84,1681469,1080176,497,1080673,64.27,
26,15,1_1_1_134_254,MUKWEGE,MUKENGERE,DENIS,INDEPENDANT,M,Kasai Central,31,0,2588,3385,76,1671413,1009178,185,1009363,60.39,
26,5,1_1_1_145_265,ANZULUNI,ISILOKETSHI,FLORIBERT,INDEPENDANT,M,Kasai Central,54,0.01,2588,3385,76,1671413,1009178,185,1009363,60.39,
26,19,1_1_1_141_261,TSHIANI K,MUADIAMVITA,NOEL,INDEPENDANT,M,Kasai Central,83,0.01,2588,3385,76,1671413,1009178,185,1009363,60.39,
26,22,1_1_1_128_248,MATATA,PONYO,MAPON,LGD,M,Kasai Central,53,0.01,2588,3385,76,1671413,1009178,185,1009363,60.39,
26,26,1_1_1_153_273,NGILA,,HENOCK,INDEPENDANT,M,Kasai Central,19,0,2588,3385,76,1671413,1009178,185,1009363,60.39,
26,2,1_1_1_129_249,MUTAMBA,TUNGUNGA,CONSTANT,DYPRO,M,Kasai Central,274,0.03,2588,3385,76,1671413,1009178,185,1009363,60.39,
26,7,1_1_1_142_262,BOLAMBA,,TONY CASSIUS,INDEPENDANT,M,Kasai Central,26,0,2588,3385,76,1671413,1009178,185,1009363,60.39,
26,8,1_1_1_140_260,BUSE,FALAY,GEORGES,INDEPENDANT,M,Kasai Central,25,0,2588,3385,76,1671413,1009178,185,1009363,60.39,
26,1,1_1_1_131_251,RADJABHO,TEBABHO,SOBORABO,CUC,M,Kasai Central,265,0.03,2588,3385,76,1671413,1009178,185,1009363,60.39,
26,9,1_1_1_139_259,IFOKU,MPUTA MPUNGA,MARIE-JOSEE,INDEPENDANT,F,Kasai Central,77,0.01,2588,3385,76,1671413,1009178,185,1009363,60.39,
26,21,1_1_1_137_257,FAYULU,MADIDI,MARTIN,LAMUKAFAYULU,M,Kasai Central,425,0.04,2588,3385,76,1671413,1009178,185,1009363,60.39,
26,20,1_1_1_143_263,TSHISEKEDI,TSHILOMBO,FELIX ANTOINE,INDEPENDANT,M,Kasai Central,1005057,99.59,2588,3385,76,1671413,1009178,185,1009363,60.39,
26,3,1_1_1_135_255,KATUMBI,CHAPWE,MOISE,ENSEMBLE,M,Kasai Central,1756,0.17,2588,3385,76,1671413,1009178,185,1009363,60.39,
26,18,1_1_1_144_264,NKEMA LILOO,BOKONZI,LOLI,INDEPENDANT,M,Kasai Central,26,0,2588,3385,76,1671413,1009178,185,1009363,60.39,
26,23,1_1_1_132_252,DIONGO,SHAMBA,FRANCK,MLP,M,Kasai Central,25,0,2588,3385,76,1671413,1009178,185,1009363,60.39,
26,14,1_1_1_138_258,MUDEKEREZA,BISIMWA,JUSTIN,INDEPENDANT,M,Kasai Central,26,0,2588,3385,76,1671413,1009178,185,1009363,60.39,
26,24,1_1_1_133_253,MUZITO,FUMUTSHI,ADOLPHE,NOU.EL,M,Kasai Central,63,0.01,2588,3385,76,1671413,1009178,185,1009363,60.39,
26,16,1_1_1_136_256,NGALASI,KURISINI,AGGREY,INDEPENDANT,M,Kasai Central,51,0.01,2588,3385,76,1671413,1009178,185,1009363,60.39,
26,10,1_1_1_130_250,KAZADI,KANDA,REX,INDEPENDANT,M,Kasai Central,58,0.01,2588,3385,76,1671413,1009178,185,1009363,60.39,
26,11,1_1_1_150_270,KIKUNI,MASUDI,SETH,INDEPENDANT,M,Kasai Central,28,0,2588,3385,76,1671413,1009178,185,1009363,60.39,
26,4,1_1_1_149_269,SESANGA,HIPUNGU DJA KASENG KAPITU,DELLY,ENVOL,M,Kasai Central,513,0.05,2588,3385,76,1671413,1009178,185,1009363,60.39,
26,12,1_1_1_151_271,MAJONDO,MWAMBA,PATRICE,INDEPENDANT,M,Kasai Central,97,0.01,2588,3385,76,1671413,1009178,185,1009363,60.39,
26,17,1_1_1_146_266,NGOY,ILUNGA WA NSENGA,THEODORE,INDEPENDANT,M,Kasai Central,17,0,2588,3385,76,1671413,1009178,185,1009363,60.39,
26,13,1_1_1_147_267,MASALU,ANEDU,ANDRE,INDEPENDANT,M,Kasai Central,60,0.01,2588,3385,76,1671413,1009178,185,1009363,60.39,
26,25,1_1_1_152_272,BILE,BATALI,JOELLE,INDEPENDANT,F,Kasai Central,26,0,2588,3385,76,1671413,1009178,185,1009363,60.39,
26,6,1_1_1_148_268,BAENDE,ETAFE ELIKO,JEAN CLAUDE,INDEPENDANT,M,Kasai Central,43,0,2588,3385,76,1671413,1009178,185,1009363,60.39,
27,,1_1_1_129_249,MUTAMBA,TUNGUNGA,CONSTANT,DYPRO,M,,2,0.13918,,,,,,,,,
27,,1_1_1_131_251,RADJABHO,TEBABHO,SOBORABO,CUC,M,,1,0.06959,,,,,,,,,
27,,1_1_1_132_252,DIONGO,SHAMBA,FRANCK,MLP,M,,1,0.06959,,,,,,,,,
27,,1_1_1_133_253,MUZITO,FUMUTSHI,ADOLPHE,NOU.EL,M,,1,0.06959,,,,,,,,,
27,,1_1_1_134_254,MUKWEGE,MUKENGERE,DENIS,INDEPENDANT,M,,31,2.15727,,,,,,,,,
27,,1_1_1_135_255,KATUMBI,CHAPWE,MOISE,ENSEMBLE,M,,195,13.56994,,,,,,,,,
27,,1_1_1_136_256,NGALASI,KURISINI,AGGREY,INDEPENDANT,M,,2,0.13918,,,,,,,,,
27,,1_1_1_137_257,FAYULU,MADIDI,MARTIN,LAMUKAFAYULU,M,,30,2.08768,,,,,,,,,
27,,1_1_1_140_260,BUSE,FALAY,GEORGES,INDEPENDANT,M,,1,0.06959,,,,,,,,,
27,,1_1_1_143_263,TSHISEKEDI,TSHILOMBO,FELIX ANTOINE,INDEPENDANT,M,,1167,81.21086,,,,,,,,,
27,,1_1_1_145_265,ANZULUNI,ISILOKETSHI,FLORIBERT,INDEPENDANT,M,,5,0.34795,,,,,,,,,
27,,1_1_1_999_999,votes blancs,,,,,,1,0.06959,,,,,,,,,
28,,1_1_1_132_252,DIONGO,SHAMBA,FRANCK,MLP,M,,1,0.06974,,,,,,,,,
28,,1_1_1_133_253,MUZITO,FUMUTSHI,ADOLPHE,NOU.EL,M,,2,0.13947,,,,,,,,,
28,,1_1_1_134_254,MUKWEGE,MUKENGERE,DENIS,INDEPENDANT,M,,65,4.53278,,,,,,,,,
28,,1_1_1_135_255,KATUMBI,CHAPWE,MOISE,ENSEMBLE,M,,207,14.43515,,,,,,,,,
28,,1_1_1_136_256,NGALASI,KURISINI,AGGREY,INDEPENDANT,M,,4,0.27894,,,,,,,,,
28,,1_1_1_137_257,FAYULU,MADIDI,MARTIN,LAMUKAFAYULU,M,,52,3.62622,,,,,,,,,
28,,1_1_1_139_259,IFOKU,MPUTA MPUNGA,MARIE-JOSEE,INDEPENDANT,F,,4,0.27894,,,,,,,,,
28,,1_1_1_143_263,TSHISEKEDI,TSHILOMBO,FELIX ANTOINE,INDEPENDANT,M,,1086,75.73222,,,,,,,,,
28,,1_1_1_144_264,NKEMA LILOO,BOKONZI,LOLI,INDEPENDANT,M,,1,0.06974,,,,,,,,,
28,,1_1_1_999_999,votes blancs,,,,,,12,0.83682,,,,,,,,,
29,,1_1_1_133_253,MUZITO,FUMUTSHI,ADOLPHE,NOU.EL,M,,1,0.33003,,,,,,,,,
29,,1_1_1_134_254,MUKWEGE,MUKENGERE,DENIS,INDEPENDANT,M,,10,3.30033,,,,,,,,,
29,,1_1_1_135_255,KATUMBI,CHAPWE,MOISE,ENSEMBLE,M,,54,17.82178,,,,,,,,,
29,,1_1_1_136_256,NGALASI,KURISINI,AGGREY,INDEPENDANT,M,,1,0.33003,,,,,,,,,
29,,1_1_1_137_257,FAYULU,MADIDI,MARTIN,LAMUKAFAYULU,M,,13,4.29043,,,,,,,,,
29,,1_1_1_139_259,IFOKU,MPUTA MPUNGA,MARIE-JOSEE,INDEPENDANT,F,,1,0.33003,,,,,,,,,
29,,1_1_1_141_261,TSHIANI K,MUADIAMVITA,NOEL,INDEPENDANT,M,,2,0.66007,,,,,,,,,
29,,1_1_1_143_263,TSHISEKEDI,TSHILOMBO,FELIX ANTOINE,INDEPENDANT,M,,217,71.61716,,,,,,,,,
29,,1_1_1_144_264,NKEMA LILOO,BOKONZI,LOLI,INDEPENDANT,M,,1,0.33003,,,,,,,,,
29,,1_1_1_999_999,votes blancs,,,,,,3,0.99010,,,,,,,,,
30,,1_1_1_134_254,MUKWEGE,MUKENGERE,DENIS,INDEPENDANT,M,,6,3.72671,,,,,,,,,
30,,1_1_1_135_255,KATUMBI,CHAPWE,MOISE,ENSEMBLE,M,,18,11.18012,,,,,,,,,
30,,1_1_1_137_257,FAYULU,MADIDI,MARTIN,LAMUKAFAYULU,M,,6,3.72671,,,,,,,,,
30,,1_1_1_139_259,IFOKU,MPUTA MPUNGA,MARIE-JOSEE,INDEPENDANT,F,,3,1.86335,,,,,,,,,
30,,1_1_1_143_263,TSHISEKEDI,TSHILOMBO,FELIX ANTOINE,INDEPENDANT,M,,127,78.88199,,,,,,,,,
30,,1_1_1_145_265,ANZULUNI,ISILOKETSHI,FLORIBERT,INDEPENDANT,M,,1,0.62112,,,,,,,,,
30,,1_1_1_999_999,votes blancs,,,,,,0,0.00000,,,,,,,,,
31,,1_1_1_150_270,KIKUNI,MASUDI,SETH,INDEPENDANT,M,,1,0.05013,,,,,,,,,
31,,1_1_1_152_272,BILE,BATALI,JOELLE,INDEPENDANT,F,,3,0.15038,,,,,,,,,
31,,1_1_1_130_250,KAZADI,KANDA,REX,INDEPENDANT,M,,5,0.25063,,,,,,,,,
31,,1_1_1_132_252,DIONGO,SHAMBA,FRANCK,MLP,M,,1,0.05013,,,,,,,,,
31,,1_1_1_133_253,MUZITO,FUMUTSHI,ADOLPHE,NOU.EL,M,,2,0.10025,,,,,,,,,
31,,1_1_1_134_254,MUKWEGE,MUKENGERE,DENIS,INDEPENDANT,M,,50,2.50627,,,,,,,,,
31,,1_1_1_135_255,KATUMBI,CHAPWE,MOISE,ENSEMBLE,M,,110,5.51378,,,,,,,,,
31,,1_1_1_136_256,NGALASI,KURISINI,AGGREY,INDEPENDANT,M,,3,0.15038,,,,,,,,,
31,,1_1_1_137_257,FAYULU,MADIDI,MARTIN,LAMUKAFAYULU,M,,101,5.06266,,,,,,,,,
31,,1_1_1_139_259,IFOKU,MPUTA MPUNGA,MARIE-JOSEE,INDEPENDANT,F,,6,0.30075,,,,,,,,,
31,,1_1_1_140_260,BUSE,FALAY,GEORGES,INDEPENDANT,M,,1,0.05013,,,,,,,,,
31,,1_1_1_141_261,TSHIANI K,MUADIAMVITA,NOEL,INDEPENDANT,M,,1,0.05013,,,,,,,,,
31,,1_1_1_143_263,TSHISEKEDI,TSHILOMBO,FELIX ANTOINE,INDEPENDANT,M,,1697,85.06266,,,,,,,,,
31,,1_1_1_149_269,SESANGA,HIPUNGU DJA KASENG KAPITU,DELLY,ENVOL,M,,2,0.10025,,,,,,,,,
31,,1_1_1_999_999,votes blancs,,,,,,12,0.60150,,,,,,,,,
