province_id,ordre_bulletin,candidat_id,nom,sigle,sexe,province,voixobtenues,pour_cand,bv_traites,bv_attendus,pour_bv,electeurs_attendus,bulletins_valides,bulletins_blancs,total_votants,pour_votants,postnom,prenom,img
1,11,1_1_1_150_270,KIKUNI,INDEPENDANT,M,Kinshasa,460,0.03,7414,8287,89,5078483,1756303,6767,1763070,34.72,MASUDI,SETH,
1,19,1_1_1_141_261,TSHIANI K,INDEPENDANT,M,Kinshasa,767,0.04,7414,8287,89,5078483,1756303,6767,1763070,34.72,MUADIAMVITA,NOEL,
1,24,1_1_1_133_253,MUZITO,NOU.EL,M,Kinshasa,7645,0.44,7414,8287,89,5078483,1756303,6767,1763070,34.72,FUMUTSHI,ADOLPHE,
1,21,1_1_1_137_257,FAYULU,LAMUKAFAYULU,M,Kinshasa,210169,11.97,7414,8287,89,5078483,1756303,6767,1763070,34.72,MADIDI,MARTIN,
1,20,1_1_1_143_263,TSHISEKEDI,INDEPENDANT,M,Kinshasa,1382802,78.73,7414,8287,89,5078483,1756303,6767,1763070,34.72,TSHILOMBO,FELIX ANTOINE,
1,6,1_1_1_148_268,BAENDE,INDEPENDANT,M,Kinshasa,898,0.05,7414,8287,89,5078483,1756303,6767,1763070,34.72,ETAFE ELIKO,JEAN CLAUDE,
1,18,1_1_1_144_264,NKEMA LILOO,INDEPENDANT,M,Kinshasa,518,0.03,7414,8287,89,5078483,1756303,6767,1763070,34.72,BOKONZI,LOLI,
1,12,1_1_1_151_271,MAJONDO,INDEPENDANT,M,Kinshasa,398,0.02,7414,8287,89,5078483,1756303,6767,1763070,34.72,MWAMBA,PATRICE,
1,15,1_1_1_134_254,MUKWEGE,INDEPENDANT,M,Kinshasa,2811,0.16,7414,8287,89,5078483,1756303,6767,1763070,34.72,MUKENGERE,DENIS,
1,16,1_1_1_136_256,NGALASI,INDEPENDANT,M,Kinshasa,13929,0.79,7414,8287,89,5078483,1756303,6767,1763070,34.72,KURISINI,AGGREY,
1,14,1_1_1_138_258,MUDEKEREZA,INDEPENDANT,M,Kinshasa,375,0.02,7414,8287,89,5078483,1756303,6767,1763070,34.72,BISIMWA,JUSTIN,
1,3,1_1_1_135_255,KATUMBI,ENSEMBLE,M,Kinshasa,123820,7.05,7414,8287,89,5078483,1756303,6767,1763070,34.72,CHAPWE,MOISE,
1,9,1_1_1_139_259,IFOKU,INDEPENDANT,F,Kinshasa,1971,0.11,7414,8287,89,5078483,1756303,6767,1763070,34.72,MPUTA MPUNGA,MARIE-JOSEE,
1,13,1_1_1_147_267,MASALU,INDEPENDANT,M,Kinshasa,617,0.04,7414,8287,89,5078483,1756303,6767,1763070,34.72,ANEDU,ANDRE,
1,2,1_1_1_129_249,MUTAMBA,DYPRO,M,Kinshasa,2863,0.16,7414,8287,89,5078483,1756303,6767,1763070,34.72,TUNGUNGA,CONSTANT,
1,7,1_1_1_142_262,BOLAMBA,INDEPENDANT,M,Kinshasa,388,0.02,7414,8287,89,5078483,1756303,6767,1763070,34.72,,TONY CASSIUS,
1,25,1_1_1_152_272,BILE,INDEPENDANT,F,Kinshasa,585,0.03,7414,8287,89,5078483,1756303,6767,1763070,34.72,BATALI,JOELLE,
1,26,1_1_1_153_273,NGILA,INDEPENDANT,M,Kinshasa,217,0.01,7414,8287,89,5078483,1756303,6767,1763070,34.72,,HENOCK,
1,22,1_1_1_128_248,MATATA,LGD,M,Kinshasa,779,0.04,7414,8287,89,5078483,1756303,6767,1763070,34.72,PONYO,MAPON,
1,10,1_1_1_130_250,KAZADI,INDEPENDANT,M,Kinshasa,398,0.02,7414,8287,89,5078483,1756303,6767,1763070,34.72,KANDA,REX,
1,17,1_1_1_146_266,NGOY,INDEPENDANT,M,Kinshasa,357,0.02,7414,8287,89,5078483,1756303,6767,1763070,34.72,ILUNGA WA NSENGA,THEODORE,
1,8,1_1_1_140_260,BUSE,INDEPENDANT,M,Kinshasa,399,0.02,7414,8287,89,5078483,1756303,6767,1763070,34.72,FALAY,GEORGES,
1,4,1_1_1_149_269,SESANGA,ENVOL,M,Kinshasa,869,0.05,7414,8287,89,5078483,1756303,6767,1763070,34.72,HIPUNGU DJA KASENG KAPITU,DELLY,
1,1,1_1_1_131_251,RADJABHO,CUC,M,Kinshasa,1169,0.07,7414,8287,89,5078483,1756303,6767,1763070,34.72,TEBABHO,SOBORABO,
1,5,1_1_1_145_265,ANZULUNI,INDEPENDANT,M,Kinshasa,727,0.04,7414,8287,89,5078483,1756303,6767,1763070,34.72,ISILOKETSHI,FLORIBERT,
1,23,1_1_1_132_252,DIONGO,MLP,M,Kinshasa,372,0.02,7414,8287,89,5078483,1756303,6767,1763070,34.72,SHAMBA,FRANCK,
2,26,1_1_1_153_273,NGILA,INDEPENDANT,M,Kongo Central,414,0.05,3607,3729,97,2067403,782304,930,783234,37.88,,HENOCK,
2,10,1_1_1_130_250,KAZADI,INDEPENDANT,M,Kongo Central,473,0.06,3607,3729,97,2067403,782304,930,783234,37.88,KANDA,REX,
2,16,1_1_1_136_256,NGALASI,INDEPENDANT,M,Kongo Central,2906,0.37,3607,3729,97,2067403,782304,930,783234,37.88,KURISINI,AGGREY,
2,14,1_1_1_138_258,MUDEKEREZA,INDEPENDANT,M,Kongo Central,233,0.03,3607,3729,97,2067403,782304,930,783234,37.88,BISIMWA,JUSTIN,
2,2,1_1_1_129_249,MUTAMBA,DYPRO,M,Kongo Central,600,0.08,3607,3729,97,2067403,782304,930,783234,37.88,TUNGUNGA,CONSTANT,
2,20,1_1_1_143_263,TSHISEKEDI,INDEPENDANT,M,Kongo Central,735928,94.07,3607,3729,97,2067403,782304,930,783234,37.88,TSHILOMBO,FELIX ANTOINE,
2,17,1_1_1_146_266,NGOY,INDEPENDANT,M,Kongo Central,191,0.02,3607,3729,97,2067403,782304,930,783234,37.88,ILUNGA WA NSENGA,THEODORE,
2,21,1_1_1_137_257,FAYULU,LAMUKAFAYULU,M,Kongo Central,8544,1.09,3607,3729,97,2067403,782304,930,783234,37.88,MADIDI,MARTIN,
2,19,1_1_1_141_261,TSHIANI K,INDEPENDANT,M,Kongo Central,457,0.06,3607,3729,97,2067403,782304,930,783234,37.88,MUADIAMVITA,NOEL,
2,22,1_1_1_128_248,MATATA,LGD,M,Kongo Central,528,0.07,3607,3729,97,2067403,782304,930,783234,37.88,PONYO,MAPON,
2,8,1_1_1_140_260,BUSE,INDEPENDANT,M,Kongo Central,245,0.03,3607,3729,97,2067403,782304,930,783234,37.88,FALAY,GEORGES,
2,9,1_1_1_139_259,IFOKU,INDEPENDANT,F,Kongo Central,914,0.12,3607,3729,97,2067403,782304,930,783234,37.88,MPUTA MPUNGA,MARIE-JOSEE,
2,24,1_1_1_133_253,MUZITO,NOU.EL,M,Kongo Central,636,0.08,3607,3729,97,2067403,782304,930,783234,37.88,FUMUTSHI,ADOLPHE,
2,6,1_1_1_148_268,BAENDE,INDEPENDANT,M,Kongo Central,459,0.06,3607,3729,97,2067403,782304,930,783234,37.88,ETAFE ELIKO,JEAN CLAUDE,
2,3,1_1_1_135_255,KATUMBI,ENSEMBLE,M,Kongo Central,22086,2.82,3607,3729,97,2067403,782304,930,783234,37.88,CHAPWE,MOISE,
2,13,1_1_1_147_267,MASALU,INDEPENDANT,M,Kongo Central,847,0.11,3607,3729,97,2067403,782304,930,783234,37.88,ANEDU,ANDRE,
2,7,1_1_1_142_262,BOLAMBA,INDEPENDANT,M,Kongo Central,374,0.05,3607,3729,97,2067403,782304,930,783234,37.88,,TONY CASSIUS,
2,15,1_1_1_134_254,MUKWEGE,INDEPENDANT,M,Kongo Central,616,0.08,3607,3729,97,2067403,782304,930,783234,37.88,MUKENGERE,DENIS,
2,18,1_1_1_144_264,NKEMA LILOO,INDEPENDANT,M,Kongo Central,434,0.06,3607,3729,97,2067403,782304,930,783234,37.88,BOKONZI,LOLI,
2,5,1_1_1_145_265,ANZULUNI,INDEPENDANT,M,Kongo Central,691,0.09,3607,3729,97,2067403,782304,930,783234,37.88,ISILOKETSHI,FLORIBERT,
2,4,1_1_1_149_269,SESANGA,ENVOL,M,Kongo Central,887,0.11,3607,3729,97,2067403,782304,930,783234,37.88,HIPUNGU DJA KASENG KAPITU,DELLY,
2,25,1_1_1_152_272,BILE,INDEPENDANT,F,Kongo Central,365,0.05,3607,3729,97,2067403,782304,930,783234,37.88,BATALI,JOELLE,
2,12,1_1_1_151_271,MAJONDO,INDEPENDANT,M,Kongo Central,775,0.1,3607,3729,97,2067403,782304,930,783234,37.88,MWAMBA,PATRICE,
2,11,1_1_1_150_270,KIKUNI,INDEPENDANT,M,Kongo Central,322,0.04,3607,3729,97,2067403,782304,930,783234,37.88,MASUDI,SETH,
2,1,1_1_1_131_251,RADJABHO,CUC,M,Kongo Central,2036,0.26,3607,3729,97,2067403,782304,930,783234,37.88,TEBABHO,SOBORABO,
2,23,1_1_1_132_252,DIONGO,MLP,M,Kongo Central,343,0.04,3607,3729,97,2067403,782304,930,783234,37.88,SHAMBA,FRANCK,
3,19,1_1_1_141_261,TSHIANI K,INDEPENDANT,M,Kwango,290,0.05,2109,2380,89,994679,631247,1051,632298,63.57,MUADIAMVITA,NOEL,
3,7,1_1_1_142_262,BOLAMBA,INDEPENDANT,M,Kwango,100,0.02,2109,2380,89,994679,631247,1051,632298,63.57,,TONY CASSIUS,
3,6,1_1_1_148_268,BAENDE,INDEPENDANT,M,Kwango,177,0.03,2109,2380,89,994679,631247,1051,632298,63.57,ETAFE ELIKO,JEAN CLAUDE,
3,9,1_1_1_139_259,IFOKU,INDEPENDANT,F,Kwango,357,0.06,2109,2380,89,994679,631247,1051,632298,63.57,MPUTA MPUNGA,MARIE-JOSEE,
3,8,1_1_1_140_260,BUSE,INDEPENDANT,M,Kwango,108,0.02,2109,2380,89,994679,631247,1051,632298,63.57,FALAY,GEORGES,
3,14,1_1_1_138_258,MUDEKEREZA,INDEPENDANT,M,Kwango,229,0.04,2109,2380,89,994679,631247,1051,632298,63.57,BISIMWA,JUSTIN,
3,4,1_1_1_149_269,SESANGA,ENVOL,M,Kwango,558,0.09,2109,2380,89,994679,631247,1051,632298,63.57,HIPUNGU DJA KASENG KAPITU,DELLY,
3,13,1_1_1_147_267,MASALU,INDEPENDANT,M,Kwango,432,0.07,2109,2380,89,994679,631247,1051,632298,63.57,ANEDU,ANDRE,
3,22,1_1_1_128_248,MATATA,LGD,M,Kwango,450,0.07,2109,2380,89,994679,631247,1051,632298,63.57,PONYO,MAPON,
3,17,1_1_1_146_266,NGOY,INDEPENDANT,M,Kwango,99,0.02,2109,2380,89,994679,631247,1051,632298,63.57,ILUNGA WA NSENGA,THEODORE,
3,2,1_1_1_129_249,MUTAMBA,DYPRO,M,Kwango,278,0.04,2109,2380,89,994679,631247,1051,632298,63.57,TUNGUNGA,CONSTANT,
3,26,1_1_1_153_273,NGILA,INDEPENDANT,M,Kwango,187,0.03,2109,2380,89,994679,631247,1051,632298,63.57,,HENOCK,
3,10,1_1_1_130_250,KAZADI,INDEPENDANT,M,Kwango,107,0.02,2109,2380,89,994679,631247,1051,632298,63.57,KANDA,REX,
3,1,1_1_1_131_251,RADJABHO,CUC,M,Kwango,516,0.08,2109,2380,89,994679,631247,1051,632298,63.57,TEBABHO,SOBORABO,
3,5,1_1_1_145_265,ANZULUNI,INDEPENDANT,M,Kwango,283,0.04,2109,2380,89,994679,631247,1051,632298,63.57,ISILOKETSHI,FLORIBERT,
3,23,1_1_1_132_252,DIONGO,MLP,M,Kwango,246,0.04,2109,2380,89,994679,631247,1051,632298,63.57,SHAMBA,FRANCK,
3,25,1_1_1_152_272,BILE,INDEPENDANT,F,Kwango,273,0.04,2109,2380,89,994679,631247,1051,632298,63.57,BATALI,JOELLE,
3,11,1_1_1_150_270,KIKUNI,INDEPENDANT,M,Kwango,278,0.04,2109,2380,89,994679,631247,1051,632298,63.57,MASUDI,SETH,
3,24,1_1_1_133_253,MUZITO,NOU.EL,M,Kwango,23963,3.8,2109,2380,89,994679,631247,1051,632298,63.57,FUMUTSHI,ADOLPHE,
3,18,1_1_1_144_264,NKEMA LILOO,INDEPENDANT,M,Kwango,171,0.03,2109,2380,89,994679,631247,1051,632298,63.57,BOKONZI,LOLI,
3,3,1_1_1_135_255,KATUMBI,ENSEMBLE,M,Kwango,22660,3.59,2109,2380,89,994679,631247,1051,632298,63.57,CHAPWE,MOISE,
3,20,1_1_1_143_263,TSHISEKEDI,INDEPENDANT,M,Kwango,401903,63.67,2109,2380,89,994679,631247,1051,632298,63.57,TSHILOMBO,FELIX ANTOINE,
3,21,1_1_1_137_257,FAYULU,LAMUKAFAYULU,M,Kwango,176602,27.98,2109,2380,89,994679,631247,1051,632298,63.57,MADIDI,MARTIN,
3,12,1_1_1_151_271,MAJONDO,INDEPENDANT,M,Kwango,355,0.06,2109,2380,89,994679,631247,1051,632298,63.57,MWAMBA,PATRICE,
3,15,1_1_1_134_254,MUKWEGE,INDEPENDANT,M,Kwango,265,0.04,2109,2380,89,994679,631247,1051,632298,63.57,MUKENGERE,DENIS,
3,16,1_1_1_136_256,NGALASI,INDEPENDANT,M,Kwango,360,0.06,2109,2380,89,994679,631247,1051,632298,63.57,KURISINI,AGGREY,
4,21,1_1_1_137_257,FAYULU,LAMUKAFAYULU,M,Kwilu,498241,45.42,3441,4359,79,2321250,1097024,1672,1098696,47.33,MADIDI,MARTIN,
4,22,1_1_1_128_248,MATATA,LGD,M,Kwilu,528,0.05,3441,4359,79,2321250,1097024,1672,1098696,47.33,PONYO,MAPON,
4,11,1_1_1_150_270,KIKUNI,INDEPENDANT,M,Kwilu,210,0.02,3441,4359,79,2321250,1097024,1672,1098696,47.33,MASUDI,SETH,
4,8,1_1_1_140_260,BUSE,INDEPENDANT,M,Kwilu,312,0.03,3441,4359,79,2321250,1097024,1672,1098696,47.33,FALAY,GEORGES,
4,2,1_1_1_129_249,MUTAMBA,DYPRO,M,Kwilu,629,0.06,3441,4359,79,2321250,1097024,1672,1098696,47.33,TUNGUNGA,CONSTANT,
4,26,1_1_1_153_273,NGILA,INDEPENDANT,M,Kwilu,226,0.02,3441,4359,79,2321250,1097024,1672,1098696,47.33,,HENOCK,
4,16,1_1_1_136_256,NGALASI,INDEPENDANT,M,Kwilu,13373,1.22,3441,4359,79,2321250,1097024,1672,1098696,47.33,KURISINI,AGGREY,
4,10,1_1_1_130_250,KAZADI,INDEPENDANT,M,Kwilu,199,0.02,3441,4359,79,2321250,1097024,1672,1098696,47.33,KANDA,REX,
4,25,1_1_1_152_272,BILE,INDEPENDANT,F,Kwilu,191,0.02,3441,4359,79,2321250,1097024,1672,1098696,47.33,BATALI,JOELLE,
4,1,1_1_1_131_251,RADJABHO,CUC,M,Kwilu,589,0.05,3441,4359,79,2321250,1097024,1672,1098696,47.33,TEBABHO,SOBORABO,
4,19,1_1_1_141_261,TSHIANI K,INDEPENDANT,M,Kwilu,273,0.02,3441,4359,79,2321250,1097024,1672,1098696,47.33,MUADIAMVITA,NOEL,
4,4,1_1_1_149_269,SESANGA,ENVOL,M,Kwilu,389,0.04,3441,4359,79,2321250,1097024,1672,1098696,47.33,HIPUNGU DJA KASENG KAPITU,DELLY,
4,23,1_1_1_132_252,DIONGO,MLP,M,Kwilu,347,0.03,3441,4359,79,2321250,1097024,1672,1098696,47.33,SHAMBA,FRANCK,
4,12,1_1_1_151_271,MAJONDO,INDEPENDANT,M,Kwilu,375,0.03,3441,4359,79,2321250,1097024,1672,1098696,47.33,MWAMBA,PATRICE,
4,14,1_1_1_138_258,MUDEKEREZA,INDEPENDANT,M,Kwilu,151,0.01,3441,4359,79,2321250,1097024,1672,1098696,47.33,BISIMWA,JUSTIN,
4,24,1_1_1_133_253,MUZITO,NOU.EL,M,Kwilu,144946,13.21,3441,4359,79,2321250,1097024,1672,1098696,47.33,FUMUTSHI,ADOLPHE,
4,9,1_1_1_139_259,IFOKU,INDEPENDANT,F,Kwilu,290,0.03,3441,4359,79,2321250,1097024,1672,1098696,47.33,MPUTA MPUNGA,MARIE-JOSEE,
4,15,1_1_1_134_254,MUKWEGE,INDEPENDANT,M,Kwilu,464,0.04,3441,4359,79,2321250,1097024,1672,1098696,47.33,MUKENGERE,DENIS,
4,3,1_1_1_135_255,KATUMBI,ENSEMBLE,M,Kwilu,35551,3.24,3441,4359,79,2321250,1097024,1672,1098696,47.33,CHAPWE,MOISE,
4,6,1_1_1_148_268,BAENDE,INDEPENDANT,M,Kwilu,268,0.02,3441,4359,79,2321250,1097024,1672,1098696,47.33,ETAFE ELIKO,JEAN CLAUDE,
4,17,1_1_1_146_266,NGOY,INDEPENDANT,M,Kwilu,114,0.01,3441,4359,79,2321250,1097024,1672,1098696,47.33,ILUNGA WA NSENGA,THEODORE,
4,13,1_1_1_147_267,MASALU,INDEPENDANT,M,Kwilu,414,0.04,3441,4359,79,2321250,1097024,1672,1098696,47.33,ANEDU,ANDRE,
4,20,1_1_1_143_263,TSHISEKEDI,INDEPENDANT,M,Kwilu,398449,36.32,3441,4359,79,2321250,1097024,1672,1098696,47.33,TSHILOMBO,FELIX ANTOINE,
4,18,1_1_1_144_264,NKEMA LILOO,INDEPENDANT,M,Kwilu,143,0.01,3441,4359,79,2321250,1097024,1672,1098696,47.33,BOKONZI,LOLI,
4,5,1_1_1_145_265,ANZULUNI,INDEPENDANT,M,Kwilu,216,0.02,3441,4359,79,2321250,1097024,1672,1098696,47.33,ISILOKETSHI,FLORIBERT,
4,7,1_1_1_142_262,BOLAMBA,INDEPENDANT,M,Kwilu,136,0.01,3441,4359,79,2321250,1097024,1672,1098696,47.33,,TONY CASSIUS,
5,24,1_1_1_133_253,MUZITO,NOU.EL,M,Mai-Ndombe,586,0.15,1548,1776,87,951057,395647,478,396125,41.65,FUMUTSHI,ADOLPHE,
5,21,1_1_1_137_257,FAYULU,LAMUKAFAYULU,M,Mai-Ndombe,3989,1.01,1548,1776,87,951057,395647,478,396125,41.65,MADIDI,MARTIN,
5,12,1_1_1_151_271,MAJONDO,INDEPENDANT,M,Mai-Ndombe,519,0.13,1548,1776,87,951057,395647,478,396125,41.65,MWAMBA,PATRICE,
5,13,1_1_1_147_267,MASALU,INDEPENDANT,M,Mai-Ndombe,545,0.14,1548,1776,87,951057,395647,478,396125,41.65,ANEDU,ANDRE,
5,15,1_1_1_134_254,MUKWEGE,INDEPENDANT,M,Mai-Ndombe,517,0.13,1548,1776,87,951057,395647,478,396125,41.65,MUKENGERE,DENIS,
5,14,1_1_1_138_258,MUDEKEREZA,INDEPENDANT,M,Mai-Ndombe,328,0.08,1548,1776,87,951057,395647,478,396125,41.65,BISIMWA,JUSTIN,
5,18,1_1_1_144_264,NKEMA LILOO,INDEPENDANT,M,Mai-Ndombe,263,0.07,1548,1776,87,951057,395647,478,396125,41.65,BOKONZI,LOLI,
5,3,1_1_1_135_255,KATUMBI,ENSEMBLE,M,Mai-Ndombe,5529,1.4,1548,1776,87,951057,395647,478,396125,41.65,CHAPWE,MOISE,
5,26,1_1_1_153_273,NGILA,INDEPENDANT,M,Mai-Ndombe,222,0.06,1548,1776,87,951057,395647,478,396125,41.65,,HENOCK,
5,11,1_1_1_150_270,KIKUNI,INDEPENDANT,M,Mai-Ndombe,175,0.04,1548,1776,87,951057,395647,478,396125,41.65,MASUDI,SETH,
5,25,1_1_1_152_272,BILE,INDEPENDANT,F,Mai-Ndombe,187,0.05,1548,1776,87,951057,395647,478,396125,41.65,BATALI,JOELLE,
5,5,1_1_1_145_265,ANZULUNI,INDEPENDANT,M,Mai-Ndombe,282,0.07,1548,1776,87,951057,395647,478,396125,41.65,ISILOKETSHI,FLORIBERT,
5,16,1_1_1_136_256,NGALASI,INDEPENDANT,M,Mai-Ndombe,286,0.07,1548,1776,87,951057,395647,478,396125,41.65,KURISINI,AGGREY,
5,23,1_1_1_132_252,DIONGO,MLP,M,Mai-Ndombe,240,0.06,1548,1776,87,951057,395647,478,396125,41.65,SHAMBA,FRANCK,
5,1,1_1_1_131_251,RADJABHO,CUC,M,Mai-Ndombe,1142,0.29,1548,1776,87,951057,395647,478,396125,41.65,TEBABHO,SOBORABO,
5,10,1_1_1_130_250,KAZADI,INDEPENDANT,M,Mai-Ndombe,202,0.05,1548,1776,87,951057,395647,478,396125,41.65,KANDA,REX,
5,6,1_1_1_148_268,BAENDE,INDEPENDANT,M,Mai-Ndombe,327,0.08,1548,1776,87,951057,395647,478,396125,41.65,ETAFE ELIKO,JEAN CLAUDE,
5,7,1_1_1_142_262,BOLAMBA,INDEPENDANT,M,Mai-Ndombe,410,0.1,1548,1776,87,951057,395647,478,396125,41.65,,TONY CASSIUS,
5,22,1_1_1_128_248,MATATA,LGD,M,Mai-Ndombe,322,0.08,1548,1776,87,951057,395647,478,396125,41.65,PONYO,MAPON,
5,9,1_1_1_139_259,IFOKU,INDEPENDANT,F,Mai-Ndombe,373,0.09,1548,1776,87,951057,395647,478,396125,41.65,MPUTA MPUNGA,MARIE-JOSEE,
5,17,1_1_1_146_266,NGOY,INDEPENDANT,M,Mai-Ndombe,117,0.03,1548,1776,87,951057,395647,478,396125,41.65,ILUNGA WA NSENGA,THEODORE,
5,19,1_1_1_141_261,TSHIANI K,INDEPENDANT,M,Mai-Ndombe,336,0.08,1548,1776,87,951057,395647,478,396125,41.65,MUADIAMVITA,NOEL,
5,2,1_1_1_129_249,MUTAMBA,DYPRO,M,Mai-Ndombe,1612,0.41,1548,1776,87,951057,395647,478,396125,41.65,TUNGUNGA,CONSTANT,
5,4,1_1_1_149_269,SESANGA,ENVOL,M,Mai-Ndombe,437,0.11,1548,1776,87,951057,395647,478,396125,41.65,HIPUNGU DJA KASENG KAPITU,DELLY,
5,20,1_1_1_143_263,TSHISEKEDI,INDEPENDANT,M,Mai-Ndombe,376104,95.06,1548,1776,87,951057,395647,478,396125,41.65,TSHILOMBO,FELIX ANTOINE,
5,8,1_1_1_140_260,BUSE,INDEPENDANT,M,Mai-Ndombe,597,0.15,1548,1776,87,951057,395647,478,396125,41.65,FALAY,GEORGES,
6,4,1_1_1_149_269,SESANGA,ENVOL,M,Equateur,184,0.07,1309,1961,67,1021549,266369,403,266772,26.11,HIPUNGU DJA KASENG KAPITU,DELLY,
6,5,1_1_1_145_265,ANZULUNI,INDEPENDANT,M,Equateur,142,0.05,1309,1961,67,1021549,266369,403,266772,26.11,ISILOKETSHI,FLORIBERT,
6,8,1_1_1_140_260,BUSE,INDEPENDANT,M,Equateur,78,0.03,1309,1961,67,1021549,266369,403,266772,26.11,FALAY,GEORGES,
6,23,1_1_1_132_252,DIONGO,MLP,M,Equateur,185,0.07,1309,1961,67,1021549,266369,403,266772,26.11,SHAMBA,FRANCK,
6,24,1_1_1_133_253,MUZITO,NOU.EL,M,Equateur,114,0.04,1309,1961,67,1021549,266369,403,266772,26.11,FUMUTSHI,ADOLPHE,
6,15,1_1_1_134_254,MUKWEGE,INDEPENDANT,M,Equateur,180,0.07,1309,1961,67,1021549,266369,403,266772,26.11,MUKENGERE,DENIS,
6,12,1_1_1_151_271,MAJONDO,INDEPENDANT,M,Equateur,269,0.1,1309,1961,67,1021549,266369,403,266772,26.11,MWAMBA,PATRICE,
6,25,1_1_1_152_272,BILE,INDEPENDANT,F,Equateur,126,0.05,1309,1961,67,1021549,266369,403,266772,26.11,BATALI,JOELLE,
6,21,1_1_1_137_257,FAYULU,LAMUKAFAYULU,M,Equateur,1789,0.67,1309,1961,67,1021549,266369,403,266772,26.11,MADIDI,MARTIN,
6,9,1_1_1_139_259,IFOKU,INDEPENDANT,F,Equateur,218,0.08,1309,1961,67,1021549,266369,403,266772,26.11,MPUTA MPUNGA,MARIE-JOSEE,
6,18,1_1_1_144_264,NKEMA LILOO,INDEPENDANT,M,Equateur,158,0.06,1309,1961,67,1021549,266369,403,266772,26.11,BOKONZI,LOLI,
6,16,1_1_1_136_256,NGALASI,INDEPENDANT,M,Equateur,654,0.25,1309,1961,67,1021549,266369,403,266772,26.11,KURISINI,AGGREY,
6,11,1_1_1_150_270,KIKUNI,INDEPENDANT,M,Equateur,103,0.04,1309,1961,67,1021549,266369,403,266772,26.11,MASUDI,SETH,
6,13,1_1_1_147_267,MASALU,INDEPENDANT,M,Equateur,197,0.07,1309,1961,67,1021549,266369,403,266772,26.11,ANEDU,ANDRE,
6,17,1_1_1_146_266,NGOY,INDEPENDANT,M,Equateur,71,0.03,1309,1961,67,1021549,266369,403,266772,26.11,ILUNGA WA NSENGA,THEODORE,
6,14,1_1_1_138_258,MUDEKEREZA,INDEPENDANT,M,Equateur,70,0.03,1309,1961,67,1021549,266369,403,266772,26.11,BISIMWA,JUSTIN,
6,3,1_1_1_135_255,KATUMBI,ENSEMBLE,M,Equateur,9269,3.48,1309,1961,67,1021549,266369,403,266772,26.11,CHAPWE,MOISE,
6,20,1_1_1_143_263,TSHISEKEDI,INDEPENDANT,M,Equateur,234831,88.16,1309,1961,67,1021549,266369,403,266772,26.11,TSHILOMBO,FELIX ANTOINE,
6,19,1_1_1_141_261,TSHIANI K,INDEPENDANT,M,Equateur,302,0.11,1309,1961,67,1021549,266369,403,266772,26.11,MUADIAMVITA,NOEL,
6,10,1_1_1_130_250,KAZADI,INDEPENDANT,M,Equateur,137,0.05,1309,1961,67,1021549,266369,403,266772,26.11,KANDA,REX,
6,6,1_1_1_148_268,BAENDE,INDEPENDANT,M,Equateur,15864,5.96,1309,1961,67,1021549,266369,403,266772,26.11,ETAFE ELIKO,JEAN CLAUDE,
6,1,1_1_1_131_251,RADJABHO,CUC,M,Equateur,555,0.21,1309,1961,67,1021549,266369,403,266772,26.11,TEBABHO,SOBORABO,
6,7,1_1_1_142_262,BOLAMBA,INDEPENDANT,M,Equateur,399,0.15,1309,1961,67,1021549,266369,403,266772,26.11,,TONY CASSIUS,
6,26,1_1_1_153_273,NGILA,INDEPENDANT,M,Equateur,101,0.04,1309,1961,67,1021549,266369,403,266772,26.11,,HENOCK,
6,22,1_1_1_128_248,MATATA,LGD,M,Equateur,138,0.05,1309,1961,67,1021549,266369,403,266772,26.11,PONYO,MAPON,
6,2,1_1_1_129_249,MUTAMBA,DYPRO,M,Equateur,235,0.09,1309,1961,67,1021549,266369,403,266772,26.11,TUNGUNGA,CONSTANT,
7,6,1_1_1_148_268,BAENDE,INDEPENDANT,M,Nord-Ubangi,388,0.11,1249,1433,87,746993,345668,416,346084,46.33,ETAFE ELIKO,JEAN CLAUDE,
7,13,1_1_1_147_267,MASALU,INDEPENDANT,M,Nord-Ubangi,110,0.03,1249,1433,87,746993,345668,416,346084,46.33,ANEDU,ANDRE,
7,21,1_1_1_137_257,FAYULU,LAMUKAFAYULU,M,Nord-Ubangi,926,0.27,1249,1433,87,746993,345668,416,346084,46.33,MADIDI,MARTIN,
7,25,1_1_1_152_272,BILE,INDEPENDANT,F,Nord-Ubangi,69,0.02,1249,1433,87,746993,345668,416,346084,46.33,BATALI,JOELLE,
7,8,1_1_1_140_260,BUSE,INDEPENDANT,M,Nord-Ubangi,48,0.01,1249,1433,87,746993,345668,416,346084,46.33,FALAY,GEORGES,
7,12,1_1_1_151_271,MAJONDO,INDEPENDANT,M,Nord-Ubangi,281,0.08,1249,1433,87,746993,345668,416,346084,46.33,MWAMBA,PATRICE,
7,2,1_1_1_129_249,MUTAMBA,DYPRO,M,Nord-Ubangi,143,0.04,1249,1433,87,746993,345668,416,346084,46.33,TUNGUNGA,CONSTANT,
7,14,1_1_1_138_258,MUDEKEREZA,INDEPENDANT,M,Nord-Ubangi,108,0.03,1249,1433,87,746993,345668,416,346084,46.33,BISIMWA,JUSTIN,
7,15,1_1_1_134_254,MUKWEGE,INDEPENDANT,M,Nord-Ubangi,92,0.03,1249,1433,87,746993,345668,416,346084,46.33,MUKENGERE,DENIS,
7,16,1_1_1_136_256,NGALASI,INDEPENDANT,M,Nord-Ubangi,162,0.05,1249,1433,87,746993,345668,416,346084,46.33,KURISINI,AGGREY,
7,26,1_1_1_153_273,NGILA,INDEPENDANT,M,Nord-Ubangi,67,0.02,1249,1433,87,746993,345668,416,346084,46.33,,HENOCK,
7,23,1_1_1_132_252,DIONGO,MLP,M,Nord-Ubangi,43,0.01,1249,1433,87,746993,345668,416,346084,46.33,SHAMBA,FRANCK,
7,5,1_1_1_145_265,ANZULUNI,INDEPENDANT,M,Nord-Ubangi,164,0.05,1249,1433,87,746993,345668,416,346084,46.33,ISILOKETSHI,FLORIBERT,
7,22,1_1_1_128_248,MATATA,LGD,M,Nord-Ubangi,105,0.03,1249,1433,87,746993,345668,416,346084,46.33,PONYO,MAPON,
7,1,1_1_1_131_251,RADJABHO,CUC,M,Nord-Ubangi,708,0.2,1249,1433,87,746993,345668,416,346084,46.33,TEBABHO,SOBORABO,
7,24,1_1_1_133_253,MUZITO,NOU.EL,M,Nord-Ubangi,86,0.02,1249,1433,87,746993,345668,416,346084,46.33,FUMUTSHI,ADOLPHE,
7,3,1_1_1_135_255,KATUMBI,ENSEMBLE,M,Nord-Ubangi,8207,2.37,1249,1433,87,746993,345668,416,346084,46.33,CHAPWE,MOISE,
7,17,1_1_1_146_266,NGOY,INDEPENDANT,M,Nord-Ubangi,63,0.02,1249,1433,87,746993,345668,416,346084,46.33,ILUNGA WA NSENGA,THEODORE,
7,9,1_1_1_139_259,IFOKU,INDEPENDANT,F,Nord-Ubangi,257,0.07,1249,1433,87,746993,345668,416,346084,46.33,MPUTA MPUNGA,MARIE-JOSEE,
7,20,1_1_1_143_263,TSHISEKEDI,INDEPENDANT,M,Nord-Ubangi,333054,96.35,1249,1433,87,746993,345668,416,346084,46.33,TSHILOMBO,FELIX ANTOINE,
7,4,1_1_1_149_269,SESANGA,ENVOL,M,Nord-Ubangi,141,0.04,1249,1433,87,746993,345668,416,346084,46.33,HIPUNGU DJA KASENG KAPITU,DELLY,
7,11,1_1_1_150_270,KIKUNI,INDEPENDANT,M,Nord-Ubangi,80,0.02,1249,1433,87,746993,345668,416,346084,46.33,MASUDI,SETH,
7,10,1_1_1_130_250,KAZADI,INDEPENDANT,M,Nord-Ubangi,72,0.02,1249,1433,87,746993,345668,416,346084,46.33,KANDA,REX,
7,7,1_1_1_142_262,BOLAMBA,INDEPENDANT,M,Nord-Ubangi,81,0.02,1249,1433,87,746993,345668,416,346084,46.33,,TONY CASSIUS,
7,18,1_1_1_144_264,NKEMA LILOO,INDEPENDANT,M,Nord-Ubangi,91,0.03,1249,1433,87,746993,345668,416,346084,46.33,BOKONZI,LOLI,
7,19,1_1_1_141_261,TSHIANI K,INDEPENDANT,M,Nord-Ubangi,122,0.04,1249,1433,87,746993,345668,416,346084,46.33,MUADIAMVITA,NOEL,
8,6,1_1_1_148_268,BAENDE,INDEPENDANT,M,Sud-Ubangi,331,0.05,2044,2508,82,1372237,611614,673,612287,44.62,ETAFE ELIKO,JEAN CLAUDE,
8,17,1_1_1_146_266,NGOY,INDEPENDANT,M,Sud-Ubangi,81,0.01,2044,2508,82,1372237,611614,673,612287,44.62,ILUNGA WA NSENGA,THEODORE,
8,5,1_1_1_145_265,ANZULUNI,INDEPENDANT,M,Sud-Ubangi,170,0.03,2044,2508,82,1372237,611614,673,612287,44.62,ISILOKETSHI,FLORIBERT,
8,19,1_1_1_141_261,TSHIANI K,INDEPENDANT,M,Sud-Ubangi,296,0.05,2044,2508,82,1372237,611614,673,612287,44.62,MUADIAMVITA,NOEL,
8,20,1_1_1_143_263,TSHISEKEDI,INDEPENDANT,M,Sud-Ubangi,583651,95.43,2044,2508,82,1372237,611614,673,612287,44.62,TSHILOMBO,FELIX ANTOINE,
8,22,1_1_1_128_248,MATATA,LGD,M,Sud-Ubangi,286,0.05,2044,2508,82,1372237,611614,673,612287,44.62,PONYO,MAPON,
8,16,1_1_1_136_256,NGALASI,INDEPENDANT,M,Sud-Ubangi,357,0.06,2044,2508,82,1372237,611614,673,612287,44.62,KURISINI,AGGREY,
8,10,1_1_1_130_250,KAZADI,INDEPENDANT,M,Sud-Ubangi,164,0.03,2044,2508,82,1372237,611614,673,612287,44.62,KANDA,REX,
8,26,1_1_1_153_273,NGILA,INDEPENDANT,M,Sud-Ubangi,130,0.02,2044,2508,82,1372237,611614,673,612287,44.62,,HENOCK,
8,21,1_1_1_137_257,FAYULU,LAMUKAFAYULU,M,Sud-Ubangi,3290,0.54,2044,2508,82,1372237,611614,673,612287,44.62,MADIDI,MARTIN,
8,14,1_1_1_138_258,MUDEKEREZA,INDEPENDANT,M,Sud-Ubangi,85,0.01,2044,2508,82,1372237,611614,673,612287,44.62,BISIMWA,JUSTIN,
8,1,1_1_1_131_251,RADJABHO,CUC,M,Sud-Ubangi,821,0.13,2044,2508,82,1372237,611614,673,612287,44.62,TEBABHO,SOBORABO,
8,11,1_1_1_150_270,KIKUNI,INDEPENDANT,M,Sud-Ubangi,154,0.03,2044,2508,82,1372237,611614,673,612287,44.62,MASUDI,SETH,
8,2,1_1_1_129_249,MUTAMBA,DYPRO,M,Sud-Ubangi,544,0.09,2044,2508,82,1372237,611614,673,612287,44.62,TUNGUNGA,CONSTANT,
8,4,1_1_1_149_269,SESANGA,ENVOL,M,Sud-Ubangi,349,0.06,2044,2508,82,1372237,611614,673,612287,44.62,HIPUNGU DJA KASENG KAPITU,DELLY,
8,9,1_1_1_139_259,IFOKU,INDEPENDANT,F,Sud-Ubangi,370,0.06,2044,2508,82,1372237,611614,673,612287,44.62,MPUTA MPUNGA,MARIE-JOSEE,
8,7,1_1_1_142_262,BOLAMBA,INDEPENDANT,M,Sud-Ubangi,159,0.03,2044,2508,82,1372237,611614,673,612287,44.62,,TONY CASSIUS,
8,8,1_1_1_140_260,BUSE,INDEPENDANT,M,Sud-Ubangi,75,0.01,2044,2508,82,1372237,611614,673,612287,44.62,FALAY,GEORGES,
8,24,1_1_1_133_253,MUZITO,NOU.EL,M,Sud-Ubangi,156,0.03,2044,2508,82,1372237,611614,673,612287,44.62,FUMUTSHI,ADOLPHE,
8,25,1_1_1_152_272,BILE,INDEPENDANT,F,Sud-Ubangi,155,0.03,2044,2508,82,1372237,611614,673,612287,44.62,BATALI,JOELLE,
8,3,1_1_1_135_255,KATUMBI,ENSEMBLE,M,Sud-Ubangi,18415,3.01,2044,2508,82,1372237,611614,673,612287,44.62,CHAPWE,MOISE,
8,18,1_1_1_144_264,NKEMA LILOO,INDEPENDANT,M,Sud-Ubangi,244,0.04,2044,2508,82,1372237,611614,673,612287,44.62,BOKONZI,LOLI,
8,23,1_1_1_132_252,DIONGO,MLP,M,Sud-Ubangi,104,0.02,2044,2508,82,1372237,611614,673,612287,44.62,SHAMBA,FRANCK,
8,13,1_1_1_147_267,MASALU,INDEPENDANT,M,Sud-Ubangi,260,0.04,2044,2508,82,1372237,611614,673,612287,44.62,ANEDU,ANDRE,
8,12,1_1_1_151_271,MAJONDO,INDEPENDANT,M,Sud-Ubangi,417,0.07,2044,2508,82,1372237,611614,673,612287,44.62,MWAMBA,PATRICE,
8,15,1_1_1_134_254,MUKWEGE,INDEPENDANT,M,Sud-Ubangi,550,0.09,2044,2508,82,1372237,611614,673,612287,44.62,MUKENGERE,DENIS,
9,11,1_1_1_150_270,KIKUNI,INDEPENDANT,M,Mongala,89,0.02,1277,1834,70,968467,430267,476,430743,44.48,MASUDI,SETH,
9,17,1_1_1_146_266,NGOY,INDEPENDANT,M,Mongala,49,0.01,1277,1834,70,968467,430267,476,430743,44.48,ILUNGA WA NSENGA,THEODORE,
9,16,1_1_1_136_256,NGALASI,INDEPENDANT,M,Mongala,225,0.05,1277,1834,70,968467,430267,476,430743,44.48,KURISINI,AGGREY,
9,13,1_1_1_147_267,MASALU,INDEPENDANT,M,Mongala,89,0.02,1277,1834,70,968467,430267,476,430743,44.48,ANEDU,ANDRE,
9,20,1_1_1_143_263,TSHISEKEDI,INDEPENDANT,M,Mongala,412667,95.91,1277,1834,70,968467,430267,476,430743,44.48,TSHILOMBO,FELIX ANTOINE,
9,1,1_1_1_131_251,RADJABHO,CUC,M,Mongala,254,0.06,1277,1834,70,968467,430267,476,430743,44.48,TEBABHO,SOBORABO,
9,3,1_1_1_135_255,KATUMBI,ENSEMBLE,M,Mongala,10076,2.34,1277,1834,70,968467,430267,476,430743,44.48,CHAPWE,MOISE,
9,24,1_1_1_133_253,MUZITO,NOU.EL,M,Mongala,554,0.13,1277,1834,70,968467,430267,476,430743,44.48,FUMUTSHI,ADOLPHE,
9,23,1_1_1_132_252,DIONGO,MLP,M,Mongala,58,0.01,1277,1834,70,968467,430267,476,430743,44.48,SHAMBA,FRANCK,
9,14,1_1_1_138_258,MUDEKEREZA,INDEPENDANT,M,Mongala,50,0.01,1277,1834,70,968467,430267,476,430743,44.48,BISIMWA,JUSTIN,
9,6,1_1_1_148_268,BAENDE,INDEPENDANT,M,Mongala,569,0.13,1277,1834,70,968467,430267,476,430743,44.48,ETAFE ELIKO,JEAN CLAUDE,
9,2,1_1_1_129_249,MUTAMBA,DYPRO,M,Mongala,227,0.05,1277,1834,70,968467,430267,476,430743,44.48,TUNGUNGA,CONSTANT,
9,21,1_1_1_137_257,FAYULU,LAMUKAFAYULU,M,Mongala,3200,0.74,1277,1834,70,968467,430267,476,430743,44.48,MADIDI,MARTIN,
9,8,1_1_1_140_260,BUSE,INDEPENDANT,M,Mongala,42,0.01,1277,1834,70,968467,430267,476,430743,44.48,FALAY,GEORGES,
9,10,1_1_1_130_250,KAZADI,INDEPENDANT,M,Mongala,86,0.02,1277,1834,70,968467,430267,476,430743,44.48,KANDA,REX,
9,26,1_1_1_153_273,NGILA,INDEPENDANT,M,Mongala,69,0.02,1277,1834,70,968467,430267,476,430743,44.48,,HENOCK,
9,15,1_1_1_134_254,MUKWEGE,INDEPENDANT,M,Mongala,181,0.04,1277,1834,70,968467,430267,476,430743,44.48,MUKENGERE,DENIS,
9,19,1_1_1_141_261,TSHIANI K,INDEPENDANT,M,Mongala,161,0.04,1277,1834,70,968467,430267,476,430743,44.48,MUADIAMVITA,NOEL,
9,9,1_1_1_139_259,IFOKU,INDEPENDANT,F,Mongala,260,0.06,1277,1834,70,968467,430267,476,430743,44.48,MPUTA MPUNGA,MARIE-JOSEE,
9,22,1_1_1_128_248,MATATA,LGD,M,Mongala,211,0.05,1277,1834,70,968467,430267,476,430743,44.48,PONYO,MAPON,
9,4,1_1_1_149_269,SESANGA,ENVOL,M,Mongala,172,0.04,1277,1834,70,968467,430267,476,430743,44.48,HIPUNGU DJA KASENG KAPITU,DELLY,
9,18,1_1_1_144_264,NKEMA LILOO,INDEPENDANT,M,Mongala,45,0.01,1277,1834,70,968467,430267,476,430743,44.48,BOKONZI,LOLI,
9,7,1_1_1_142_262,BOLAMBA,INDEPENDANT,M,Mongala,110,0.03,1277,1834,70,968467,430267,476,430743,44.48,,TONY CASSIUS,
9,5,1_1_1_145_265,ANZULUNI,INDEPENDANT,M,Mongala,85,0.02,1277,1834,70,968467,430267,476,430743,44.48,ISILOKETSHI,FLORIBERT,
9,25,1_1_1_152_272,BILE,INDEPENDANT,F,Mongala,601,0.14,1277,1834,70,968467,430267,476,430743,44.48,BATALI,JOELLE,
9,12,1_1_1_151_271,MAJONDO,INDEPENDANT,M,Mongala,137,0.03,1277,1834,70,968467,430267,476,430743,44.48,MWAMBA,PATRICE,
10,13,1_1_1_147_267,MASALU,INDEPENDANT,M,Tshuapa,207,0.07,978,1633,60,758788,286222,788,287010,37.82,ANEDU,ANDRE,
10,16,1_1_1_136_256,NGALASI,INDEPENDANT,M,Tshuapa,114,0.04,978,1633,60,758788,286222,788,287010,37.82,KURISINI,AGGREY,
10,22,1_1_1_128_248,MATATA,LGD,M,Tshuapa,180,0.06,978,1633,60,758788,286222,788,287010,37.82,PONYO,MAPON,
10,1,1_1_1_131_251,RADJABHO,CUC,M,Tshuapa,403,0.14,978,1633,60,758788,286222,788,287010,37.82,TEBABHO,SOBORABO,
10,19,1_1_1_141_261,TSHIANI K,INDEPENDANT,M,Tshuapa,107,0.04,978,1633,60,758788,286222,788,287010,37.82,MUADIAMVITA,NOEL,
10,18,1_1_1_144_264,NKEMA LILOO,INDEPENDANT,M,Tshuapa,9741,3.4,978,1633,60,758788,286222,788,287010,37.82,BOKONZI,LOLI,
10,6,1_1_1_148_268,BAENDE,INDEPENDANT,M,Tshuapa,411,0.14,978,1633,60,758788,286222,788,287010,37.82,ETAFE ELIKO,JEAN CLAUDE,
10,3,1_1_1_135_255,KATUMBI,ENSEMBLE,M,Tshuapa,5871,2.05,978,1633,60,758788,286222,788,287010,37.82,CHAPWE,MOISE,
10,20,1_1_1_143_263,TSHISEKEDI,INDEPENDANT,M,Tshuapa,264109,92.27,978,1633,60,758788,286222,788,287010,37.82,TSHILOMBO,FELIX ANTOINE,
10,9,1_1_1_139_259,IFOKU,INDEPENDANT,F,Tshuapa,1827,0.64,978,1633,60,758788,286222,788,287010,37.82,MPUTA MPUNGA,MARIE-JOSEE,
10,12,1_1_1_151_271,MAJONDO,INDEPENDANT,M,Tshuapa,185,0.06,978,1633,60,758788,286222,788,287010,37.82,MWAMBA,PATRICE,
10,15,1_1_1_134_254,MUKWEGE,INDEPENDANT,M,Tshuapa,127,0.04,978,1633,60,758788,286222,788,287010,37.82,MUKENGERE,DENIS,
10,26,1_1_1_153_273,NGILA,INDEPENDANT,M,Tshuapa,69,0.02,978,1633,60,758788,286222,788,287010,37.82,,HENOCK,
10,7,1_1_1_142_262,BOLAMBA,INDEPENDANT,M,Tshuapa,143,0.05,978,1633,60,758788,286222,788,287010,37.82,,TONY CASSIUS,
10,2,1_1_1_129_249,MUTAMBA,DYPRO,M,Tshuapa,75,0.03,978,1633,60,758788,286222,788,287010,37.82,TUNGUNGA,CONSTANT,
10,4,1_1_1_149_269,SESANGA,ENVOL,M,Tshuapa,176,0.06,978,1633,60,758788,286222,788,287010,37.82,HIPUNGU DJA KASENG KAPITU,DELLY,
10,11,1_1_1_150_270,KIKUNI,INDEPENDANT,M,Tshuapa,104,0.04,978,1633,60,758788,286222,788,287010,37.82,MASUDI,SETH,
10,25,1_1_1_152_272,BILE,INDEPENDANT,F,Tshuapa,76,0.03,978,1633,60,758788,286222,788,287010,37.82,BATALI,JOELLE,
10,8,1_1_1_140_260,BUSE,INDEPENDANT,M,Tshuapa,60,0.02,978,1633,60,758788,286222,788,287010,37.82,FALAY,GEORGES,
10,10,1_1_1_130_250,KAZADI,INDEPENDANT,M,Tshuapa,79,0.03,978,1633,60,758788,286222,788,287010,37.82,KANDA,REX,
10,17,1_1_1_146_266,NGOY,INDEPENDANT,M,Tshuapa,44,0.02,978,1633,60,758788,286222,788,287010,37.82,ILUNGA WA NSENGA,THEODORE,
10,5,1_1_1_145_265,ANZULUNI,INDEPENDANT,M,Tshuapa,74,0.03,978,1633,60,758788,286222,788,287010,37.82,ISILOKETSHI,FLORIBERT,
10,14,1_1_1_138_258,MUDEKEREZA,INDEPENDANT,M,Tshuapa,35,0.01,978,1633,60,758788,286222,788,287010,37.82,BISIMWA,JUSTIN,
10,24,1_1_1_133_253,MUZITO,NOU.EL,M,Tshuapa,75,0.03,978,1633,60,758788,286222,788,287010,37.82,FUMUTSHI,ADOLPHE,
10,23,1_1_1_132_252,DIONGO,MLP,M,Tshuapa,78,0.03,978,1633,60,758788,286222,788,287010,37.82,SHAMBA,FRANCK,
10,21,1_1_1_137_257,FAYULU,LAMUKAFAYULU,M,Tshuapa,1852,0.65,978,1633,60,758788,286222,788,287010,37.82,MADIDI,MARTIN,
11,6,1_1_1_148_268,BAENDE,INDEPENDANT,M,Tshopo,567,0.1,2380,2499,95,1409186,551162,1151,552313,39.19,ETAFE ELIKO,JEAN CLAUDE,
11,4,1_1_1_149_269,SESANGA,ENVOL,M,Tshopo,874,0.16,2380,2499,95,1409186,551162,1151,552313,39.19,HIPUNGU DJA KASENG KAPITU,DELLY,
11,2,1_1_1_129_249,MUTAMBA,DYPRO,M,Tshopo,2187,0.4,2380,2499,95,1409186,551162,1151,552313,39.19,TUNGUNGA,CONSTANT,
11,19,1_1_1_141_261,TSHIANI K,INDEPENDANT,M,Tshopo,357,0.06,2380,2499,95,1409186,551162,1151,552313,39.19,MUADIAMVITA,NOEL,
11,9,1_1_1_139_259,IFOKU,INDEPENDANT,F,Tshopo,570,0.1,2380,2499,95,1409186,551162,1151,552313,39.19,MPUTA MPUNGA,MARIE-JOSEE,
11,26,1_1_1_153_273,NGILA,INDEPENDANT,M,Tshopo,268,0.05,2380,2499,95,1409186,551162,1151,552313,39.19,,HENOCK,
11,24,1_1_1_133_253,MUZITO,NOU.EL,M,Tshopo,590,0.11,2380,2499,95,1409186,551162,1151,552313,39.19,FUMUTSHI,ADOLPHE,
11,8,1_1_1_140_260,BUSE,INDEPENDANT,M,Tshopo,349,0.06,2380,2499,95,1409186,551162,1151,552313,39.19,FALAY,GEORGES,
11,22,1_1_1_128_248,MATATA,LGD,M,Tshopo,563,0.1,2380,2499,95,1409186,551162,1151,552313,39.19,PONYO,MAPON,
11,23,1_1_1_132_252,DIONGO,MLP,M,Tshopo,396,0.07,2380,2499,95,1409186,551162,1151,552313,39.19,SHAMBA,FRANCK,
11,12,1_1_1_151_271,MAJONDO,INDEPENDANT,M,Tshopo,903,0.16,2380,2499,95,1409186,551162,1151,552313,39.19,MWAMBA,PATRICE,
11,7,1_1_1_142_262,BOLAMBA,INDEPENDANT,M,Tshopo,344,0.06,2380,2499,95,1409186,551162,1151,552313,39.19,,TONY CASSIUS,
11,1,1_1_1_131_251,RADJABHO,CUC,M,Tshopo,2763,0.5,2380,2499,95,1409186,551162,1151,552313,39.19,TEBABHO,SOBORABO,
11,13,1_1_1_147_267,MASALU,INDEPENDANT,M,Tshopo,998,0.18,2380,2499,95,1409186,551162,1151,552313,39.19,ANEDU,ANDRE,
11,16,1_1_1_136_256,NGALASI,INDEPENDANT,M,Tshopo,540,0.1,2380,2499,95,1409186,551162,1151,552313,39.19,KURISINI,AGGREY,
11,5,1_1_1_145_265,ANZULUNI,INDEPENDANT,M,Tshopo,564,0.1,2380,2499,95,1409186,551162,1151,552313,39.19,ISILOKETSHI,FLORIBERT,
11,11,1_1_1_150_270,KIKUNI,INDEPENDANT,M,Tshopo,392,0.07,2380,2499,95,1409186,551162,1151,552313,39.19,MASUDI,SETH,
11,21,1_1_1_137_257,FAYULU,LAMUKAFAYULU,M,Tshopo,3543,0.64,2380,2499,95,1409186,551162,1151,552313,39.19,MADIDI,MARTIN,
11,10,1_1_1_130_250,KAZADI,INDEPENDANT,M,Tshopo,228,0.04,2380,2499,95,1409186,551162,1151,552313,39.19,KANDA,REX,
11,17,1_1_1_146_266,NGOY,INDEPENDANT,M,Tshopo,114,0.02,2380,2499,95,1409186,551162,1151,552313,39.19,ILUNGA WA NSENGA,THEODORE,
11,18,1_1_1_144_264,NKEMA LILOO,INDEPENDANT,M,Tshopo,380,0.07,2380,2499,95,1409186,551162,1151,552313,39.19,BOKONZI,LOLI,
11,20,1_1_1_143_263,TSHISEKEDI,INDEPENDANT,M,Tshopo,439380,79.72,2380,2499,95,1409186,551162,1151,552313,39.19,TSHILOMBO,FELIX ANTOINE,
11,3,1_1_1_135_255,KATUMBI,ENSEMBLE,M,Tshopo,92848,16.85,2380,2499,95,1409186,551162,1151,552313,39.19,CHAPWE,MOISE,
11,14,1_1_1_138_258,MUDEKEREZA,INDEPENDANT,M,Tshopo,196,0.04,2380,2499,95,1409186,551162,1151,552313,39.19,BISIMWA,JUSTIN,
11,25,1_1_1_152_272,BILE,INDEPENDANT,F,Tshopo,253,0.05,2380,2499,95,1409186,551162,1151,552313,39.19,BATALI,JOELLE,
11,15,1_1_1_134_254,MUKWEGE,INDEPENDANT,M,Tshopo,995,0.18,2380,2499,95,1409186,551162,1151,552313,39.19,MUKENGERE,DENIS,
12,26,1_1_1_153_273,NGILA,INDEPENDANT,M,Bas-Uele,138,0.08,950,1092,87,506522,175088,230,175318,34.61,,HENOCK,
12,12,1_1_1_151_271,MAJONDO,INDEPENDANT,M,Bas-Uele,544,0.31,950,1092,87,506522,175088,230,175318,34.61,MWAMBA,PATRICE,
12,15,1_1_1_134_254,MUKWEGE,INDEPENDANT,M,Bas-Uele,239,0.14,950,1092,87,506522,175088,230,175318,34.61,MUKENGERE,DENIS,
12,19,1_1_1_141_261,TSHIANI K,INDEPENDANT,M,Bas-Uele,166,0.09,950,1092,87,506522,175088,230,175318,34.61,MUADIAMVITA,NOEL,
12,10,1_1_1_130_250,KAZADI,INDEPENDANT,M,Bas-Uele,241,0.14,950,1092,87,506522,175088,230,175318,34.61,KANDA,REX,
12,6,1_1_1_148_268,BAENDE,INDEPENDANT,M,Bas-Uele,321,0.18,950,1092,87,506522,175088,230,175318,34.61,ETAFE ELIKO,JEAN CLAUDE,
12,9,1_1_1_139_259,IFOKU,INDEPENDANT,F,Bas-Uele,473,0.27,950,1092,87,506522,175088,230,175318,34.61,MPUTA MPUNGA,MARIE-JOSEE,
12,8,1_1_1_140_260,BUSE,INDEPENDANT,M,Bas-Uele,153,0.09,950,1092,87,506522,175088,230,175318,34.61,FALAY,GEORGES,
12,24,1_1_1_133_253,MUZITO,NOU.EL,M,Bas-Uele,148,0.08,950,1092,87,506522,175088,230,175318,34.61,FUMUTSHI,ADOLPHE,
12,3,1_1_1_135_255,KATUMBI,ENSEMBLE,M,Bas-Uele,15881,9.07,950,1092,87,506522,175088,230,175318,34.61,CHAPWE,MOISE,
12,18,1_1_1_144_264,NKEMA LILOO,INDEPENDANT,M,Bas-Uele,226,0.13,950,1092,87,506522,175088,230,175318,34.61,BOKONZI,LOLI,
12,1,1_1_1_131_251,RADJABHO,CUC,M,Bas-Uele,1263,0.72,950,1092,87,506522,175088,230,175318,34.61,TEBABHO,SOBORABO,
12,20,1_1_1_143_263,TSHISEKEDI,INDEPENDANT,M,Bas-Uele,150277,85.83,950,1092,87,506522,175088,230,175318,34.61,TSHILOMBO,FELIX ANTOINE,
12,2,1_1_1_129_249,MUTAMBA,DYPRO,M,Bas-Uele,417,0.24,950,1092,87,506522,175088,230,175318,34.61,TUNGUNGA,CONSTANT,
12,4,1_1_1_149_269,SESANGA,ENVOL,M,Bas-Uele,666,0.38,950,1092,87,506522,175088,230,175318,34.61,HIPUNGU DJA KASENG KAPITU,DELLY,
12,14,1_1_1_138_258,MUDEKEREZA,INDEPENDANT,M,Bas-Uele,142,0.08,950,1092,87,506522,175088,230,175318,34.61,BISIMWA,JUSTIN,
12,22,1_1_1_128_248,MATATA,LGD,M,Bas-Uele,302,0.17,950,1092,87,506522,175088,230,175318,34.61,PONYO,MAPON,
12,21,1_1_1_137_257,FAYULU,LAMUKAFAYULU,M,Bas-Uele,1308,0.75,950,1092,87,506522,175088,230,175318,34.61,MADIDI,MARTIN,
12,7,1_1_1_142_262,BOLAMBA,INDEPENDANT,M,Bas-Uele,170,0.1,950,1092,87,506522,175088,230,175318,34.61,,TONY CASSIUS,
12,25,1_1_1_152_272,BILE,INDEPENDANT,F,Bas-Uele,255,0.15,950,1092,87,506522,175088,230,175318,34.61,BATALI,JOELLE,
12,23,1_1_1_132_252,DIONGO,MLP,M,Bas-Uele,148,0.08,950,1092,87,506522,175088,230,175318,34.61,SHAMBA,FRANCK,
12,5,1_1_1_145_265,ANZULUNI,INDEPENDANT,M,Bas-Uele,357,0.2,950,1092,87,506522,175088,230,175318,34.61,ISILOKETSHI,FLORIBERT,
12,16,1_1_1_136_256,NGALASI,INDEPENDANT,M,Bas-Uele,175,0.1,950,1092,87,506522,175088,230,175318,34.61,KURISINI,AGGREY,
12,17,1_1_1_146_266,NGOY,INDEPENDANT,M,Bas-Uele,119,0.07,950,1092,87,506522,175088,230,175318,34.61,ILUNGA WA NSENGA,THEODORE,
12,11,1_1_1_150_270,KIKUNI,INDEPENDANT,M,Bas-Uele,179,0.1,950,1092,87,506522,175088,230,175318,34.61,MASUDI,SETH,
12,13,1_1_1_147_267,MASALU,INDEPENDANT,M,Bas-Uele,780,0.45,950,1092,87,506522,175088,230,175318,34.61,ANEDU,ANDRE,
13,9,1_1_1_139_259,IFOKU,INDEPENDANT,F,Haut-Uele,1054,0.31,1788,1939,92,1020231,342943,471,343414,33.66,MPUTA MPUNGA,MARIE-JOSEE,
13,19,1_1_1_141_261,TSHIANI K,INDEPENDANT,M,Haut-Uele,822,0.24,1788,1939,92,1020231,342943,471,343414,33.66,MUADIAMVITA,NOEL,
13,4,1_1_1_149_269,SESANGA,ENVOL,M,Haut-Uele,2950,0.86,1788,1939,92,1020231,342943,471,343414,33.66,HIPUNGU DJA KASENG KAPITU,DELLY,
13,14,1_1_1_138_258,MUDEKEREZA,INDEPENDANT,M,Haut-Uele,934,0.27,1788,1939,92,1020231,342943,471,343414,33.66,BISIMWA,JUSTIN,
13,6,1_1_1_148_268,BAENDE,INDEPENDANT,M,Haut-Uele,1649,0.48,1788,1939,92,1020231,342943,471,343414,33.66,ETAFE ELIKO,JEAN CLAUDE,
13,8,1_1_1_140_260,BUSE,INDEPENDANT,M,Haut-Uele,724,0.21,1788,1939,92,1020231,342943,471,343414,33.66,FALAY,GEORGES,
13,20,1_1_1_143_263,TSHISEKEDI,INDEPENDANT,M,Haut-Uele,280260,81.72,1788,1939,92,1020231,342943,471,343414,33.66,TSHILOMBO,FELIX ANTOINE,
13,7,1_1_1_142_262,BOLAMBA,INDEPENDANT,M,Haut-Uele,795,0.23,1788,1939,92,1020231,342943,471,343414,33.66,,TONY CASSIUS,
13,13,1_1_1_147_267,MASALU,INDEPENDANT,M,Haut-Uele,2294,0.67,1788,1939,92,1020231,342943,471,343414,33.66,ANEDU,ANDRE,
13,11,1_1_1_150_270,KIKUNI,INDEPENDANT,M,Haut-Uele,788,0.23,1788,1939,92,1020231,342943,471,343414,33.66,MASUDI,SETH,
13,12,1_1_1_151_271,MAJONDO,INDEPENDANT,M,Haut-Uele,2161,0.63,1788,1939,92,1020231,342943,471,343414,33.66,MWAMBA,PATRICE,
13,10,1_1_1_130_250,KAZADI,INDEPENDANT,M,Haut-Uele,581,0.17,1788,1939,92,1020231,342943,471,343414,33.66,KANDA,REX,
13,15,1_1_1_134_254,MUKWEGE,INDEPENDANT,M,Haut-Uele,1051,0.31,1788,1939,92,1020231,342943,471,343414,33.66,MUKENGERE,DENIS,
13,25,1_1_1_152_272,BILE,INDEPENDANT,F,Haut-Uele,698,0.2,1788,1939,92,1020231,342943,471,343414,33.66,BATALI,JOELLE,
13,24,1_1_1_133_253,MUZITO,NOU.EL,M,Haut-Uele,1255,0.37,1788,1939,92,1020231,342943,471,343414,33.66,FUMUTSHI,ADOLPHE,
13,23,1_1_1_132_252,DIONGO,MLP,M,Haut-Uele,681,0.2,1788,1939,92,1020231,342943,471,343414,33.66,SHAMBA,FRANCK,
13,18,1_1_1_144_264,NKEMA LILOO,INDEPENDANT,M,Haut-Uele,972,0.28,1788,1939,92,1020231,342943,471,343414,33.66,BOKONZI,LOLI,
13,5,1_1_1_145_265,ANZULUNI,INDEPENDANT,M,Haut-Uele,1638,0.48,1788,1939,92,1020231,342943,471,343414,33.66,ISILOKETSHI,FLORIBERT,
13,2,1_1_1_129_249,MUTAMBA,DYPRO,M,Haut-Uele,1334,0.39,1788,1939,92,1020231,342943,471,343414,33.66,TUNGUNGA,CONSTANT,
13,17,1_1_1_146_266,NGOY,INDEPENDANT,M,Haut-Uele,520,0.15,1788,1939,92,1020231,342943,471,343414,33.66,ILUNGA WA NSENGA,THEODORE,
13,16,1_1_1_136_256,NGALASI,INDEPENDANT,M,Haut-Uele,593,0.17,1788,1939,92,1020231,342943,471,343414,33.66,KURISINI,AGGREY,
13,26,1_1_1_153_273,NGILA,INDEPENDANT,M,Haut-Uele,543,0.16,1788,1939,92,1020231,342943,471,343414,33.66,,HENOCK,
13,21,1_1_1_137_257,FAYULU,LAMUKAFAYULU,M,Haut-Uele,5351,1.56,1788,1939,92,1020231,342943,471,343414,33.66,MADIDI,MARTIN,
13,22,1_1_1_128_248,MATATA,LGD,M,Haut-Uele,1339,0.39,1788,1939,92,1020231,342943,471,343414,33.66,PONYO,MAPON,
13,3,1_1_1_135_255,KATUMBI,ENSEMBLE,M,Haut-Uele,28216,8.23,1788,1939,92,1020231,342943,471,343414,33.66,CHAPWE,MOISE,
13,1,1_1_1_131_251,RADJABHO,CUC,M,Haut-Uele,3740,1.09,1788,1939,92,1020231,342943,471,343414,33.66,TEBABHO,SOBORABO,
14,6,1_1_1_148_268,BAENDE,INDEPENDANT,M,Ituri,905,0.09,3740,4275,87,2546796,1021127,1452,1022579,40.15,ETAFE ELIKO,JEAN CLAUDE,
14,25,1_1_1_152_272,BILE,INDEPENDANT,F,Ituri,649,0.06,3740,4275,87,2546796,1021127,1452,1022579,40.15,BATALI,JOELLE,
14,5,1_1_1_145_265,ANZULUNI,INDEPENDANT,M,Ituri,1504,0.15,3740,4275,87,2546796,1021127,1452,1022579,40.15,ISILOKETSHI,FLORIBERT,
14,10,1_1_1_130_250,KAZADI,INDEPENDANT,M,Ituri,870,0.09,3740,4275,87,2546796,1021127,1452,1022579,40.15,KANDA,REX,
14,19,1_1_1_141_261,TSHIANI K,INDEPENDANT,M,Ituri,1042,0.1,3740,4275,87,2546796,1021127,1452,1022579,40.15,MUADIAMVITA,NOEL,
14,2,1_1_1_129_249,MUTAMBA,DYPRO,M,Ituri,2459,0.24,3740,4275,87,2546796,1021127,1452,1022579,40.15,TUNGUNGA,CONSTANT,
14,26,1_1_1_153_273,NGILA,INDEPENDANT,M,Ituri,957,0.09,3740,4275,87,2546796,1021127,1452,1022579,40.15,,HENOCK,
14,22,1_1_1_128_248,MATATA,LGD,M,Ituri,1673,0.16,3740,4275,87,2546796,1021127,1452,1022579,40.15,PONYO,MAPON,
14,7,1_1_1_142_262,BOLAMBA,INDEPENDANT,M,Ituri,694,0.07,3740,4275,87,2546796,1021127,1452,1022579,40.15,,TONY CASSIUS,
14,17,1_1_1_146_266,NGOY,INDEPENDANT,M,Ituri,378,0.04,3740,4275,87,2546796,1021127,1452,1022579,40.15,ILUNGA WA NSENGA,THEODORE,
14,15,1_1_1_134_254,MUKWEGE,INDEPENDANT,M,Ituri,1397,0.14,3740,4275,87,2546796,1021127,1452,1022579,40.15,MUKENGERE,DENIS,
14,21,1_1_1_137_257,FAYULU,LAMUKAFAYULU,M,Ituri,9788,0.96,3740,4275,87,2546796,1021127,1452,1022579,40.15,MADIDI,MARTIN,
14,14,1_1_1_138_258,MUDEKEREZA,INDEPENDANT,M,Ituri,564,0.06,3740,4275,87,2546796,1021127,1452,1022579,40.15,BISIMWA,JUSTIN,
14,4,1_1_1_149_269,SESANGA,ENVOL,M,Ituri,3042,0.3,3740,4275,87,2546796,1021127,1452,1022579,40.15,HIPUNGU DJA KASENG KAPITU,DELLY,
14,16,1_1_1_136_256,NGALASI,INDEPENDANT,M,Ituri,1399,0.14,3740,4275,87,2546796,1021127,1452,1022579,40.15,KURISINI,AGGREY,
14,11,1_1_1_150_270,KIKUNI,INDEPENDANT,M,Ituri,1100,0.11,3740,4275,87,2546796,1021127,1452,1022579,40.15,MASUDI,SETH,
14,23,1_1_1_132_252,DIONGO,MLP,M,Ituri,1071,0.1,3740,4275,87,2546796,1021127,1452,1022579,40.15,SHAMBA,FRANCK,
14,18,1_1_1_144_264,NKEMA LILOO,INDEPENDANT,M,Ituri,1463,0.14,3740,4275,87,2546796,1021127,1452,1022579,40.15,BOKONZI,LOLI,
14,1,1_1_1_131_251,RADJABHO,CUC,M,Ituri,42931,4.2,3740,4275,87,2546796,1021127,1452,1022579,40.15,TEBABHO,SOBORABO,
14,9,1_1_1_139_259,IFOKU,INDEPENDANT,F,Ituri,1097,0.11,3740,4275,87,2546796,1021127,1452,1022579,40.15,MPUTA MPUNGA,MARIE-JOSEE,
14,13,1_1_1_147_267,MASALU,INDEPENDANT,M,Ituri,1785,0.17,3740,4275,87,2546796,1021127,1452,1022579,40.15,ANEDU,ANDRE,
14,12,1_1_1_151_271,MAJONDO,INDEPENDANT,M,Ituri,2642,0.26,3740,4275,87,2546796,1021127,1452,1022579,40.15,MWAMBA,PATRICE,
14,24,1_1_1_133_253,MUZITO,NOU.EL,M,Ituri,1082,0.11,3740,4275,87,2546796,1021127,1452,1022579,40.15,FUMUTSHI,ADOLPHE,
14,20,1_1_1_143_263,TSHISEKEDI,INDEPENDANT,M,Ituri,624933,61.2,3740,4275,87,2546796,1021127,1452,1022579,40.15,TSHILOMBO,FELIX ANTOINE,
14,8,1_1_1_140_260,BUSE,INDEPENDANT,M,Ituri,639,0.06,3740,4275,87,2546796,1021127,1452,1022579,40.15,FALAY,GEORGES,
14,3,1_1_1_135_255,KATUMBI,ENSEMBLE,M,Ituri,315063,30.85,3740,4275,87,2546796,1021127,1452,1022579,40.15,CHAPWE,MOISE,
15,24,1_1_1_133_253,MUZITO,NOU.EL,M,Nord-Kivu,558,0.04,4232,4676,91,2800740,1379575,948,1380523,49.29,FUMUTSHI,ADOLPHE,
15,3,1_1_1_135_255,KATUMBI,ENSEMBLE,M,Nord-Kivu,104169,7.55,4232,4676,91,2800740,1379575,948,1380523,49.29,CHAPWE,MOISE,
15,19,1_1_1_141_261,TSHIANI K,INDEPENDANT,M,Nord-Kivu,268,0.02,4232,4676,91,2800740,1379575,948,1380523,49.29,MUADIAMVITA,NOEL,
15,8,1_1_1_140_260,BUSE,INDEPENDANT,M,Nord-Kivu,235,0.02,4232,4676,91,2800740,1379575,948,1380523,49.29,FALAY,GEORGES,
15,13,1_1_1_147_267,MASALU,INDEPENDANT,M,Nord-Kivu,696,0.05,4232,4676,91,2800740,1379575,948,1380523,49.29,ANEDU,ANDRE,
15,22,1_1_1_128_248,MATATA,LGD,M,Nord-Kivu,555,0.04,4232,4676,91,2800740,1379575,948,1380523,49.29,PONYO,MAPON,
15,25,1_1_1_152_272,BILE,INDEPENDANT,F,Nord-Kivu,225,0.02,4232,4676,91,2800740,1379575,948,1380523,49.29,BATALI,JOELLE,
15,20,1_1_1_143_263,TSHISEKEDI,INDEPENDANT,M,Nord-Kivu,1247819,90.45,4232,4676,91,2800740,1379575,948,1380523,49.29,TSHILOMBO,FELIX ANTOINE,
15,1,1_1_1_131_251,RADJABHO,CUC,M,Nord-Kivu,2345,0.17,4232,4676,91,2800740,1379575,948,1380523,49.29,TEBABHO,SOBORABO,
15,15,1_1_1_134_254,MUKWEGE,INDEPENDANT,M,Nord-Kivu,1737,0.13,4232,4676,91,2800740,1379575,948,1380523,49.29,MUKENGERE,DENIS,
15,12,1_1_1_151_271,MAJONDO,INDEPENDANT,M,Nord-Kivu,613,0.04,4232,4676,91,2800740,1379575,948,1380523,49.29,MWAMBA,PATRICE,
15,2,1_1_1_129_249,MUTAMBA,DYPRO,M,Nord-Kivu,652,0.05,4232,4676,91,2800740,1379575,948,1380523,49.29,TUNGUNGA,CONSTANT,
15,9,1_1_1_139_259,IFOKU,INDEPENDANT,F,Nord-Kivu,734,0.05,4232,4676,91,2800740,1379575,948,1380523,49.29,MPUTA MPUNGA,MARIE-JOSEE,
15,5,1_1_1_145_265,ANZULUNI,INDEPENDANT,M,Nord-Kivu,661,0.05,4232,4676,91,2800740,1379575,948,1380523,49.29,ISILOKETSHI,FLORIBERT,
15,21,1_1_1_137_257,FAYULU,LAMUKAFAYULU,M,Nord-Kivu,14737,1.07,4232,4676,91,2800740,1379575,948,1380523,49.29,MADIDI,MARTIN,
15,16,1_1_1_136_256,NGALASI,INDEPENDANT,M,Nord-Kivu,560,0.04,4232,4676,91,2800740,1379575,948,1380523,49.29,KURISINI,AGGREY,
15,10,1_1_1_130_250,KAZADI,INDEPENDANT,M,Nord-Kivu,217,0.02,4232,4676,91,2800740,1379575,948,1380523,49.29,KANDA,REX,
15,17,1_1_1_146_266,NGOY,INDEPENDANT,M,Nord-Kivu,96,0.01,4232,4676,91,2800740,1379575,948,1380523,49.29,ILUNGA WA NSENGA,THEODORE,
15,11,1_1_1_150_270,KIKUNI,INDEPENDANT,M,Nord-Kivu,271,0.02,4232,4676,91,2800740,1379575,948,1380523,49.29,MASUDI,SETH,
15,23,1_1_1_132_252,DIONGO,MLP,M,Nord-Kivu,205,0.01,4232,4676,91,2800740,1379575,948,1380523,49.29,SHAMBA,FRANCK,
15,6,1_1_1_148_268,BAENDE,INDEPENDANT,M,Nord-Kivu,361,0.03,4232,4676,91,2800740,1379575,948,1380523,49.29,ETAFE ELIKO,JEAN CLAUDE,
15,7,1_1_1_142_262,BOLAMBA,INDEPENDANT,M,Nord-Kivu,260,0.02,4232,4676,91,2800740,1379575,948,1380523,49.29,,TONY CASSIUS,
15,26,1_1_1_153_273,NGILA,INDEPENDANT,M,Nord-Kivu,254,0.02,4232,4676,91,2800740,1379575,948,1380523,49.29,,HENOCK,
15,14,1_1_1_138_258,MUDEKEREZA,INDEPENDANT,M,Nord-Kivu,380,0.03,4232,4676,91,2800740,1379575,948,1380523,49.29,BISIMWA,JUSTIN,
15,4,1_1_1_149_269,SESANGA,ENVOL,M,Nord-Kivu,720,0.05,4232,4676,91,2800740,1379575,948,1380523,49.29,HIPUNGU DJA KASENG KAPITU,DELLY,
15,18,1_1_1_144_264,NKEMA LILOO,INDEPENDANT,M,Nord-Kivu,247,0.02,4232,4676,91,2800740,1379575,948,1380523,49.29,BOKONZI,LOLI,
16,2,1_1_1_129_249,MUTAMBA,DYPRO,M,Sud-Kivu,707,0.07,3606,4728,76,2766148,1038970,939,1039909,37.59,TUNGUNGA,CONSTANT,
16,23,1_1_1_132_252,DIONGO,MLP,M,Sud-Kivu,222,0.02,3606,4728,76,2766148,1038970,939,1039909,37.59,SHAMBA,FRANCK,
16,22,1_1_1_128_248,MATATA,LGD,M,Sud-Kivu,505,0.05,3606,4728,76,2766148,1038970,939,1039909,37.59,PONYO,MAPON,
16,18,1_1_1_144_264,NKEMA LILOO,INDEPENDANT,M,Sud-Kivu,141,0.01,3606,4728,76,2766148,1038970,939,1039909,37.59,BOKONZI,LOLI,
16,17,1_1_1_146_266,NGOY,INDEPENDANT,M,Sud-Kivu,113,0.01,3606,4728,76,2766148,1038970,939,1039909,37.59,ILUNGA WA NSENGA,THEODORE,
16,10,1_1_1_130_250,KAZADI,INDEPENDANT,M,Sud-Kivu,137,0.01,3606,4728,76,2766148,1038970,939,1039909,37.59,KANDA,REX,
16,1,1_1_1_131_251,RADJABHO,CUC,M,Sud-Kivu,1103,0.11,3606,4728,76,2766148,1038970,939,1039909,37.59,TEBABHO,SOBORABO,
16,25,1_1_1_152_272,BILE,INDEPENDANT,F,Sud-Kivu,132,0.01,3606,4728,76,2766148,1038970,939,1039909,37.59,BATALI,JOELLE,
16,26,1_1_1_153_273,NGILA,INDEPENDANT,M,Sud-Kivu,138,0.01,3606,4728,76,2766148,1038970,939,1039909,37.59,,HENOCK,
16,5,1_1_1_145_265,ANZULUNI,INDEPENDANT,M,Sud-Kivu,2896,0.28,3606,4728,76,2766148,1038970,939,1039909,37.59,ISILOKETSHI,FLORIBERT,
16,14,1_1_1_138_258,MUDEKEREZA,INDEPENDANT,M,Sud-Kivu,2397,0.23,3606,4728,76,2766148,1038970,939,1039909,37.59,BISIMWA,JUSTIN,
16,3,1_1_1_135_255,KATUMBI,ENSEMBLE,M,Sud-Kivu,118432,11.4,3606,4728,76,2766148,1038970,939,1039909,37.59,CHAPWE,MOISE,
16,11,1_1_1_150_270,KIKUNI,INDEPENDANT,M,Sud-Kivu,286,0.03,3606,4728,76,2766148,1038970,939,1039909,37.59,MASUDI,SETH,
16,13,1_1_1_147_267,MASALU,INDEPENDANT,M,Sud-Kivu,412,0.04,3606,4728,76,2766148,1038970,939,1039909,37.59,ANEDU,ANDRE,
16,20,1_1_1_143_263,TSHISEKEDI,INDEPENDANT,M,Sud-Kivu,881157,84.81,3606,4728,76,2766148,1038970,939,1039909,37.59,TSHILOMBO,FELIX ANTOINE,
16,16,1_1_1_136_256,NGALASI,INDEPENDANT,M,Sud-Kivu,335,0.03,3606,4728,76,2766148,1038970,939,1039909,37.59,KURISINI,AGGREY,
16,15,1_1_1_134_254,MUKWEGE,INDEPENDANT,M,Sud-Kivu,25470,2.45,3606,4728,76,2766148,1038970,939,1039909,37.59,MUKENGERE,DENIS,
16,21,1_1_1_137_257,FAYULU,LAMUKAFAYULU,M,Sud-Kivu,2241,0.22,3606,4728,76,2766148,1038970,939,1039909,37.59,MADIDI,MARTIN,
16,7,1_1_1_142_262,BOLAMBA,INDEPENDANT,M,Sud-Kivu,169,0.02,3606,4728,76,2766148,1038970,939,1039909,37.59,,TONY CASSIUS,
16,4,1_1_1_149_269,SESANGA,ENVOL,M,Sud-Kivu,330,0.03,3606,4728,76,2766148,1038970,939,1039909,37.59,HIPUNGU DJA KASENG KAPITU,DELLY,
16,12,1_1_1_151_271,MAJONDO,INDEPENDANT,M,Sud-Kivu,323,0.03,3606,4728,76,2766148,1038970,939,1039909,37.59,MWAMBA,PATRICE,
16,9,1_1_1_139_259,IFOKU,INDEPENDANT,F,Sud-Kivu,441,0.04,3606,4728,76,2766148,1038970,939,1039909,37.59,MPUTA MPUNGA,MARIE-JOSEE,
16,6,1_1_1_148_268,BAENDE,INDEPENDANT,M,Sud-Kivu,298,0.03,3606,4728,76,2766148,1038970,939,1039909,37.59,ETAFE ELIKO,JEAN CLAUDE,
16,19,1_1_1_141_261,TSHIANI K,INDEPENDANT,M,Sud-Kivu,204,0.02,3606,4728,76,2766148,1038970,939,1039909,37.59,MUADIAMVITA,NOEL,
16,24,1_1_1_133_253,MUZITO,NOU.EL,M,Sud-Kivu,267,0.03,3606,4728,76,2766148,1038970,939,1039909,37.59,FUMUTSHI,ADOLPHE,
16,8,1_1_1_140_260,BUSE,INDEPENDANT,M,Sud-Kivu,114,0.01,3606,4728,76,2766148,1038970,939,1039909,37.59,FALAY,GEORGES,
17,26,1_1_1_153_273,NGILA,INDEPENDANT,M,Maniema,175,0.04,1643,2019,81,1059213,408784,547,409331,38.64,,HENOCK,
17,18,1_1_1_144_264,NKEMA LILOO,INDEPENDANT,M,Maniema,275,0.07,1643,2019,81,1059213,408784,547,409331,38.64,BOKONZI,LOLI,
17,9,1_1_1_139_259,IFOKU,INDEPENDANT,F,Maniema,578,0.14,1643,2019,81,1059213,408784,547,409331,38.64,MPUTA MPUNGA,MARIE-JOSEE,
17,23,1_1_1_132_252,DIONGO,MLP,M,Maniema,207,0.05,1643,2019,81,1059213,408784,547,409331,38.64,SHAMBA,FRANCK,
17,19,1_1_1_141_261,TSHIANI K,INDEPENDANT,M,Maniema,346,0.08,1643,2019,81,1059213,408784,547,409331,38.64,MUADIAMVITA,NOEL,
17,15,1_1_1_134_254,MUKWEGE,INDEPENDANT,M,Maniema,395,0.1,1643,2019,81,1059213,408784,547,409331,38.64,MUKENGERE,DENIS,
17,17,1_1_1_146_266,NGOY,INDEPENDANT,M,Maniema,104,0.03,1643,2019,81,1059213,408784,547,409331,38.64,ILUNGA WA NSENGA,THEODORE,
17,16,1_1_1_136_256,NGALASI,INDEPENDANT,M,Maniema,295,0.07,1643,2019,81,1059213,408784,547,409331,38.64,KURISINI,AGGREY,
17,13,1_1_1_147_267,MASALU,INDEPENDANT,M,Maniema,653,0.16,1643,2019,81,1059213,408784,547,409331,38.64,ANEDU,ANDRE,
17,20,1_1_1_143_263,TSHISEKEDI,INDEPENDANT,M,Maniema,156925,38.39,1643,2019,81,1059213,408784,547,409331,38.64,TSHILOMBO,FELIX ANTOINE,
17,10,1_1_1_130_250,KAZADI,INDEPENDANT,M,Maniema,343,0.08,1643,2019,81,1059213,408784,547,409331,38.64,KANDA,REX,
17,8,1_1_1_140_260,BUSE,INDEPENDANT,M,Maniema,201,0.05,1643,2019,81,1059213,408784,547,409331,38.64,FALAY,GEORGES,
17,11,1_1_1_150_270,KIKUNI,INDEPENDANT,M,Maniema,479,0.12,1643,2019,81,1059213,408784,547,409331,38.64,MASUDI,SETH,
17,25,1_1_1_152_272,BILE,INDEPENDANT,F,Maniema,294,0.07,1643,2019,81,1059213,408784,547,409331,38.64,BATALI,JOELLE,
17,3,1_1_1_135_255,KATUMBI,ENSEMBLE,M,Maniema,239684,58.63,1643,2019,81,1059213,408784,547,409331,38.64,CHAPWE,MOISE,
17,12,1_1_1_151_271,MAJONDO,INDEPENDANT,M,Maniema,932,0.23,1643,2019,81,1059213,408784,547,409331,38.64,MWAMBA,PATRICE,
17,21,1_1_1_137_257,FAYULU,LAMUKAFAYULU,M,Maniema,1034,0.25,1643,2019,81,1059213,408784,547,409331,38.64,MADIDI,MARTIN,
17,1,1_1_1_131_251,RADJABHO,CUC,M,Maniema,1283,0.31,1643,2019,81,1059213,408784,547,409331,38.64,TEBABHO,SOBORABO,
17,14,1_1_1_138_258,MUDEKEREZA,INDEPENDANT,M,Maniema,144,0.04,1643,2019,81,1059213,408784,547,409331,38.64,BISIMWA,JUSTIN,
17,2,1_1_1_129_249,MUTAMBA,DYPRO,M,Maniema,1264,0.31,1643,2019,81,1059213,408784,547,409331,38.64,TUNGUNGA,CONSTANT,
17,6,1_1_1_148_268,BAENDE,INDEPENDANT,M,Maniema,292,0.07,1643,2019,81,1059213,408784,547,409331,38.64,ETAFE ELIKO,JEAN CLAUDE,
17,4,1_1_1_149_269,SESANGA,ENVOL,M,Maniema,527,0.13,1643,2019,81,1059213,408784,547,409331,38.64,HIPUNGU DJA KASENG KAPITU,DELLY,
17,5,1_1_1_145_265,ANZULUNI,INDEPENDANT,M,Maniema,418,0.1,1643,2019,81,1059213,408784,547,409331,38.64,ISILOKETSHI,FLORIBERT,
17,24,1_1_1_133_253,MUZITO,NOU.EL,M,Maniema,374,0.09,1643,2019,81,1059213,408784,547,409331,38.64,FUMUTSHI,ADOLPHE,
17,22,1_1_1_128_248,MATATA,LGD,M,Maniema,1332,0.33,1643,2019,81,1059213,408784,547,409331,38.64,PONYO,MAPON,
17,7,1_1_1_142_262,BOLAMBA,INDEPENDANT,M,Maniema,230,0.06,1643,2019,81,1059213,408784,547,409331,38.64,,TONY CASSIUS,
18,7,1_1_1_142_262,BOLAMBA,INDEPENDANT,M,Haut-Katanga,329,0.03,3914,4445,88,2764061,1069102,3437,1072539,38.8,,TONY CASSIUS,
18,18,1_1_1_144_264,NKEMA LILOO,INDEPENDANT,M,Haut-Katanga,436,0.04,3914,4445,88,2764061,1069102,3437,1072539,38.8,BOKONZI,LOLI,
18,26,1_1_1_153_273,NGILA,INDEPENDANT,M,Haut-Katanga,264,0.02,3914,4445,88,2764061,1069102,3437,1072539,38.8,,HENOCK,
18,2,1_1_1_129_249,MUTAMBA,DYPRO,M,Haut-Katanga,2437,0.23,3914,4445,88,2764061,1069102,3437,1072539,38.8,TUNGUNGA,CONSTANT,
18,3,1_1_1_135_255,KATUMBI,ENSEMBLE,M,Haut-Katanga,712318,66.63,3914,4445,88,2764061,1069102,3437,1072539,38.8,CHAPWE,MOISE,
18,15,1_1_1_134_254,MUKWEGE,INDEPENDANT,M,Haut-Katanga,989,0.09,3914,4445,88,2764061,1069102,3437,1072539,38.8,MUKENGERE,DENIS,
18,16,1_1_1_136_256,NGALASI,INDEPENDANT,M,Haut-Katanga,550,0.05,3914,4445,88,2764061,1069102,3437,1072539,38.8,KURISINI,AGGREY,
18,9,1_1_1_139_259,IFOKU,INDEPENDANT,F,Haut-Katanga,933,0.09,3914,4445,88,2764061,1069102,3437,1072539,38.8,MPUTA MPUNGA,MARIE-JOSEE,
18,5,1_1_1_145_265,ANZULUNI,INDEPENDANT,M,Haut-Katanga,554,0.05,3914,4445,88,2764061,1069102,3437,1072539,38.8,ISILOKETSHI,FLORIBERT,
18,11,1_1_1_150_270,KIKUNI,INDEPENDANT,M,Haut-Katanga,889,0.08,3914,4445,88,2764061,1069102,3437,1072539,38.8,MASUDI,SETH,
18,19,1_1_1_141_261,TSHIANI K,INDEPENDANT,M,Haut-Katanga,834,0.08,3914,4445,88,2764061,1069102,3437,1072539,38.8,MUADIAMVITA,NOEL,
18,10,1_1_1_130_250,KAZADI,INDEPENDANT,M,Haut-Katanga,311,0.03,3914,4445,88,2764061,1069102,3437,1072539,38.8,KANDA,REX,
18,14,1_1_1_138_258,MUDEKEREZA,INDEPENDANT,M,Haut-Katanga,254,0.02,3914,4445,88,2764061,1069102,3437,1072539,38.8,BISIMWA,JUSTIN,
18,21,1_1_1_137_257,FAYULU,LAMUKAFAYULU,M,Haut-Katanga,2896,0.27,3914,4445,88,2764061,1069102,3437,1072539,38.8,MADIDI,MARTIN,
18,24,1_1_1_133_253,MUZITO,NOU.EL,M,Haut-Katanga,484,0.05,3914,4445,88,2764061,1069102,3437,1072539,38.8,FUMUTSHI,ADOLPHE,
18,17,1_1_1_146_266,NGOY,INDEPENDANT,M,Haut-Katanga,345,0.03,3914,4445,88,2764061,1069102,3437,1072539,38.8,ILUNGA WA NSENGA,THEODORE,
18,13,1_1_1_147_267,MASALU,INDEPENDANT,M,Haut-Katanga,718,0.07,3914,4445,88,2764061,1069102,3437,1072539,38.8,ANEDU,ANDRE,
18,12,1_1_1_151_271,MAJONDO,INDEPENDANT,M,Haut-Katanga,1124,0.11,3914,4445,88,2764061,1069102,3437,1072539,38.8,MWAMBA,PATRICE,
18,1,1_1_1_131_251,RADJABHO,CUC,M,Haut-Katanga,1204,0.11,3914,4445,88,2764061,1069102,3437,1072539,38.8,TEBABHO,SOBORABO,
18,4,1_1_1_149_269,SESANGA,ENVOL,M,Haut-Katanga,1094,0.1,3914,4445,88,2764061,1069102,3437,1072539,38.8,HIPUNGU DJA KASENG KAPITU,DELLY,
18,25,1_1_1_152_272,BILE,INDEPENDANT,F,Haut-Katanga,397,0.04,3914,4445,88,2764061,1069102,3437,1072539,38.8,BATALI,JOELLE,
18,22,1_1_1_128_248,MATATA,LGD,M,Haut-Katanga,1008,0.09,3914,4445,88,2764061,1069102,3437,1072539,38.8,PONYO,MAPON,
18,8,1_1_1_140_260,BUSE,INDEPENDANT,M,Haut-Katanga,211,0.02,3914,4445,88,2764061,1069102,3437,1072539,38.8,FALAY,GEORGES,
18,6,1_1_1_148_268,BAENDE,INDEPENDANT,M,Haut-Katanga,317,0.03,3914,4445,88,2764061,1069102,3437,1072539,38.8,ETAFE ELIKO,JEAN CLAUDE,
18,20,1_1_1_143_263,TSHISEKEDI,INDEPENDANT,M,Haut-Katanga,337783,31.6,3914,4445,88,2764061,1069102,3437,1072539,38.8,TSHILOMBO,FELIX ANTOINE,
18,23,1_1_1_132_252,DIONGO,MLP,M,Haut-Katanga,423,0.04,3914,4445,88,2764061,1069102,3437,1072539,38.8,SHAMBA,FRANCK,
19,4,1_1_1_149_269,SESANGA,ENVOL,M,Haut-Lomami,630,0.1,1896,2372,80,1298449,639697,762,640459,49.32,HIPUNGU DJA KASENG KAPITU,DELLY,
19,13,1_1_1_147_267,MASALU,INDEPENDANT,M,Haut-Lomami,387,0.06,1896,2372,80,1298449,639697,762,640459,49.32,ANEDU,ANDRE,
19,5,1_1_1_145_265,ANZULUNI,INDEPENDANT,M,Haut-Lomami,273,0.04,1896,2372,80,1298449,639697,762,640459,49.32,ISILOKETSHI,FLORIBERT,
19,26,1_1_1_153_273,NGILA,INDEPENDANT,M,Haut-Lomami,161,0.03,1896,2372,80,1298449,639697,762,640459,49.32,,HENOCK,
19,21,1_1_1_137_257,FAYULU,LAMUKAFAYULU,M,Haut-Lomami,1111,0.17,1896,2372,80,1298449,639697,762,640459,49.32,MADIDI,MARTIN,
19,20,1_1_1_143_263,TSHISEKEDI,INDEPENDANT,M,Haut-Lomami,65873,10.3,1896,2372,80,1298449,639697,762,640459,49.32,TSHILOMBO,FELIX ANTOINE,
19,7,1_1_1_142_262,BOLAMBA,INDEPENDANT,M,Haut-Lomami,153,0.02,1896,2372,80,1298449,639697,762,640459,49.32,,TONY CASSIUS,
19,16,1_1_1_136_256,NGALASI,INDEPENDANT,M,Haut-Lomami,90,0.01,1896,2372,80,1298449,639697,762,640459,49.32,KURISINI,AGGREY,
19,22,1_1_1_128_248,MATATA,LGD,M,Haut-Lomami,1295,0.2,1896,2372,80,1298449,639697,762,640459,49.32,PONYO,MAPON,
19,14,1_1_1_138_258,MUDEKEREZA,INDEPENDANT,M,Haut-Lomami,138,0.02,1896,2372,80,1298449,639697,762,640459,49.32,BISIMWA,JUSTIN,
19,10,1_1_1_130_250,KAZADI,INDEPENDANT,M,Haut-Lomami,218,0.03,1896,2372,80,1298449,639697,762,640459,49.32,KANDA,REX,
19,17,1_1_1_146_266,NGOY,INDEPENDANT,M,Haut-Lomami,557,0.09,1896,2372,80,1298449,639697,762,640459,49.32,ILUNGA WA NSENGA,THEODORE,
19,8,1_1_1_140_260,BUSE,INDEPENDANT,M,Haut-Lomami,130,0.02,1896,2372,80,1298449,639697,762,640459,49.32,FALAY,GEORGES,
19,6,1_1_1_148_268,BAENDE,INDEPENDANT,M,Haut-Lomami,177,0.03,1896,2372,80,1298449,639697,762,640459,49.32,ETAFE ELIKO,JEAN CLAUDE,
19,23,1_1_1_132_252,DIONGO,MLP,M,Haut-Lomami,183,0.03,1896,2372,80,1298449,639697,762,640459,49.32,SHAMBA,FRANCK,
19,25,1_1_1_152_272,BILE,INDEPENDANT,F,Haut-Lomami,409,0.06,1896,2372,80,1298449,639697,762,640459,49.32,BATALI,JOELLE,
19,12,1_1_1_151_271,MAJONDO,INDEPENDANT,M,Haut-Lomami,668,0.1,1896,2372,80,1298449,639697,762,640459,49.32,MWAMBA,PATRICE,
19,24,1_1_1_133_253,MUZITO,NOU.EL,M,Haut-Lomami,152,0.02,1896,2372,80,1298449,639697,762,640459,49.32,FUMUTSHI,ADOLPHE,
19,19,1_1_1_141_261,TSHIANI K,INDEPENDANT,M,Haut-Lomami,500,0.08,1896,2372,80,1298449,639697,762,640459,49.32,MUADIAMVITA,NOEL,
19,18,1_1_1_144_264,NKEMA LILOO,INDEPENDANT,M,Haut-Lomami,244,0.04,1896,2372,80,1298449,639697,762,640459,49.32,BOKONZI,LOLI,
19,9,1_1_1_139_259,IFOKU,INDEPENDANT,F,Haut-Lomami,695,0.11,1896,2372,80,1298449,639697,762,640459,49.32,MPUTA MPUNGA,MARIE-JOSEE,
19,15,1_1_1_134_254,MUKWEGE,INDEPENDANT,M,Haut-Lomami,246,0.04,1896,2372,80,1298449,639697,762,640459,49.32,MUKENGERE,DENIS,
19,1,1_1_1_131_251,RADJABHO,CUC,M,Haut-Lomami,633,0.1,1896,2372,80,1298449,639697,762,640459,49.32,TEBABHO,SOBORABO,
19,2,1_1_1_129_249,MUTAMBA,DYPRO,M,Haut-Lomami,340,0.05,1896,2372,80,1298449,639697,762,640459,49.32,TUNGUNGA,CONSTANT,
19,3,1_1_1_135_255,KATUMBI,ENSEMBLE,M,Haut-Lomami,563850,88.14,1896,2372,80,1298449,639697,762,640459,49.32,CHAPWE,MOISE,
19,11,1_1_1_150_270,KIKUNI,INDEPENDANT,M,Haut-Lomami,584,0.09,1896,2372,80,1298449,639697,762,640459,49.32,MASUDI,SETH,
20,8,1_1_1_140_260,BUSE,INDEPENDANT,M,Lualaba,125,0.03,1889,2143,88,1229673,465537,433,465970,37.89,FALAY,GEORGES,
20,16,1_1_1_136_256,NGALASI,INDEPENDANT,M,Lualaba,120,0.03,1889,2143,88,1229673,465537,433,465970,37.89,KURISINI,AGGREY,
20,12,1_1_1_151_271,MAJONDO,INDEPENDANT,M,Lualaba,490,0.11,1889,2143,88,1229673,465537,433,465970,37.89,MWAMBA,PATRICE,
20,5,1_1_1_145_265,ANZULUNI,INDEPENDANT,M,Lualaba,218,0.05,1889,2143,88,1229673,465537,433,465970,37.89,ISILOKETSHI,FLORIBERT,
20,13,1_1_1_147_267,MASALU,INDEPENDANT,M,Lualaba,229,0.05,1889,2143,88,1229673,465537,433,465970,37.89,ANEDU,ANDRE,
20,17,1_1_1_146_266,NGOY,INDEPENDANT,M,Lualaba,144,0.03,1889,2143,88,1229673,465537,433,465970,37.89,ILUNGA WA NSENGA,THEODORE,
20,25,1_1_1_152_272,BILE,INDEPENDANT,F,Lualaba,142,0.03,1889,2143,88,1229673,465537,433,465970,37.89,BATALI,JOELLE,
20,7,1_1_1_142_262,BOLAMBA,INDEPENDANT,M,Lualaba,147,0.03,1889,2143,88,1229673,465537,433,465970,37.89,,TONY CASSIUS,
20,14,1_1_1_138_258,MUDEKEREZA,INDEPENDANT,M,Lualaba,92,0.02,1889,2143,88,1229673,465537,433,465970,37.89,BISIMWA,JUSTIN,
20,21,1_1_1_137_257,FAYULU,LAMUKAFAYULU,M,Lualaba,829,0.18,1889,2143,88,1229673,465537,433,465970,37.89,MADIDI,MARTIN,
20,23,1_1_1_132_252,DIONGO,MLP,M,Lualaba,148,0.03,1889,2143,88,1229673,465537,433,465970,37.89,SHAMBA,FRANCK,
20,2,1_1_1_129_249,MUTAMBA,DYPRO,M,Lualaba,420,0.09,1889,2143,88,1229673,465537,433,465970,37.89,TUNGUNGA,CONSTANT,
20,4,1_1_1_149_269,SESANGA,ENVOL,M,Lualaba,407,0.09,1889,2143,88,1229673,465537,433,465970,37.89,HIPUNGU DJA KASENG KAPITU,DELLY,
20,18,1_1_1_144_264,NKEMA LILOO,INDEPENDANT,M,Lualaba,186,0.04,1889,2143,88,1229673,465537,433,465970,37.89,BOKONZI,LOLI,
20,9,1_1_1_139_259,IFOKU,INDEPENDANT,F,Lualaba,330,0.07,1889,2143,88,1229673,465537,433,465970,37.89,MPUTA MPUNGA,MARIE-JOSEE,
20,24,1_1_1_133_253,MUZITO,NOU.EL,M,Lualaba,144,0.03,1889,2143,88,1229673,465537,433,465970,37.89,FUMUTSHI,ADOLPHE,
20,11,1_1_1_150_270,KIKUNI,INDEPENDANT,M,Lualaba,622,0.13,1889,2143,88,1229673,465537,433,465970,37.89,MASUDI,SETH,
20,26,1_1_1_153_273,NGILA,INDEPENDANT,M,Lualaba,73,0.02,1889,2143,88,1229673,465537,433,465970,37.89,,HENOCK,
20,15,1_1_1_134_254,MUKWEGE,INDEPENDANT,M,Lualaba,315,0.07,1889,2143,88,1229673,465537,433,465970,37.89,MUKENGERE,DENIS,
20,22,1_1_1_128_248,MATATA,LGD,M,Lualaba,553,0.12,1889,2143,88,1229673,465537,433,465970,37.89,PONYO,MAPON,
20,1,1_1_1_131_251,RADJABHO,CUC,M,Lualaba,379,0.08,1889,2143,88,1229673,465537,433,465970,37.89,TEBABHO,SOBORABO,
20,19,1_1_1_141_261,TSHIANI K,INDEPENDANT,M,Lualaba,331,0.07,1889,2143,88,1229673,465537,433,465970,37.89,MUADIAMVITA,NOEL,
20,10,1_1_1_130_250,KAZADI,INDEPENDANT,M,Lualaba,111,0.02,1889,2143,88,1229673,465537,433,465970,37.89,KANDA,REX,
20,20,1_1_1_143_263,TSHISEKEDI,INDEPENDANT,M,Lualaba,55724,11.97,1889,2143,88,1229673,465537,433,465970,37.89,TSHILOMBO,FELIX ANTOINE,
20,3,1_1_1_135_255,KATUMBI,ENSEMBLE,M,Lualaba,403146,86.6,1889,2143,88,1229673,465537,433,465970,37.89,CHAPWE,MOISE,
20,6,1_1_1_148_268,BAENDE,INDEPENDANT,M,Lualaba,112,0.02,1889,2143,88,1229673,465537,433,465970,37.89,ETAFE ELIKO,JEAN CLAUDE,
21,16,1_1_1_136_256,NGALASI,INDEPENDANT,M,Tanganyika,102,0.03,1850,2237,83,1259722,391434,757,392191,31.13,KURISINI,AGGREY,
21,12,1_1_1_151_271,MAJONDO,INDEPENDANT,M,Tanganyika,775,0.2,1850,2237,83,1259722,391434,757,392191,31.13,MWAMBA,PATRICE,
21,5,1_1_1_145_265,ANZULUNI,INDEPENDANT,M,Tanganyika,412,0.11,1850,2237,83,1259722,391434,757,392191,31.13,ISILOKETSHI,FLORIBERT,
21,20,1_1_1_143_263,TSHISEKEDI,INDEPENDANT,M,Tanganyika,67927,17.35,1850,2237,83,1259722,391434,757,392191,31.13,TSHILOMBO,FELIX ANTOINE,
21,7,1_1_1_142_262,BOLAMBA,INDEPENDANT,M,Tanganyika,214,0.05,1850,2237,83,1259722,391434,757,392191,31.13,,TONY CASSIUS,
21,24,1_1_1_133_253,MUZITO,NOU.EL,M,Tanganyika,187,0.05,1850,2237,83,1259722,391434,757,392191,31.13,FUMUTSHI,ADOLPHE,
21,9,1_1_1_139_259,IFOKU,INDEPENDANT,F,Tanganyika,515,0.13,1850,2237,83,1259722,391434,757,392191,31.13,MPUTA MPUNGA,MARIE-JOSEE,
21,13,1_1_1_147_267,MASALU,INDEPENDANT,M,Tanganyika,559,0.14,1850,2237,83,1259722,391434,757,392191,31.13,ANEDU,ANDRE,
21,1,1_1_1_131_251,RADJABHO,CUC,M,Tanganyika,705,0.18,1850,2237,83,1259722,391434,757,392191,31.13,TEBABHO,SOBORABO,
21,21,1_1_1_137_257,FAYULU,LAMUKAFAYULU,M,Tanganyika,1218,0.31,1850,2237,83,1259722,391434,757,392191,31.13,MADIDI,MARTIN,
21,14,1_1_1_138_258,MUDEKEREZA,INDEPENDANT,M,Tanganyika,262,0.07,1850,2237,83,1259722,391434,757,392191,31.13,BISIMWA,JUSTIN,
21,4,1_1_1_149_269,SESANGA,ENVOL,M,Tanganyika,792,0.2,1850,2237,83,1259722,391434,757,392191,31.13,HIPUNGU DJA KASENG KAPITU,DELLY,
21,2,1_1_1_129_249,MUTAMBA,DYPRO,M,Tanganyika,1972,0.5,1850,2237,83,1259722,391434,757,392191,31.13,TUNGUNGA,CONSTANT,
21,18,1_1_1_144_264,NKEMA LILOO,INDEPENDANT,M,Tanganyika,325,0.08,1850,2237,83,1259722,391434,757,392191,31.13,BOKONZI,LOLI,
21,25,1_1_1_152_272,BILE,INDEPENDANT,F,Tanganyika,247,0.06,1850,2237,83,1259722,391434,757,392191,31.13,BATALI,JOELLE,
21,23,1_1_1_132_252,DIONGO,MLP,M,Tanganyika,285,0.07,1850,2237,83,1259722,391434,757,392191,31.13,SHAMBA,FRANCK,
21,11,1_1_1_150_270,KIKUNI,INDEPENDANT,M,Tanganyika,523,0.13,1850,2237,83,1259722,391434,757,392191,31.13,MASUDI,SETH,
21,17,1_1_1_146_266,NGOY,INDEPENDANT,M,Tanganyika,224,0.06,1850,2237,83,1259722,391434,757,392191,31.13,ILUNGA WA NSENGA,THEODORE,
21,8,1_1_1_140_260,BUSE,INDEPENDANT,M,Tanganyika,125,0.03,1850,2237,83,1259722,391434,757,392191,31.13,FALAY,GEORGES,
21,19,1_1_1_141_261,TSHIANI K,INDEPENDANT,M,Tanganyika,398,0.1,1850,2237,83,1259722,391434,757,392191,31.13,MUADIAMVITA,NOEL,
21,10,1_1_1_130_250,KAZADI,INDEPENDANT,M,Tanganyika,159,0.04,1850,2237,83,1259722,391434,757,392191,31.13,KANDA,REX,
21,22,1_1_1_128_248,MATATA,LGD,M,Tanganyika,792,0.2,1850,2237,83,1259722,391434,757,392191,31.13,PONYO,MAPON,
21,15,1_1_1_134_254,MUKWEGE,INDEPENDANT,M,Tanganyika,696,0.18,1850,2237,83,1259722,391434,757,392191,31.13,MUKENGERE,DENIS,
21,6,1_1_1_148_268,BAENDE,INDEPENDANT,M,Tanganyika,351,0.09,1850,2237,83,1259722,391434,757,392191,31.13,ETAFE ELIKO,JEAN CLAUDE,
21,26,1_1_1_153_273,NGILA,INDEPENDANT,M,Tanganyika,162,0.04,1850,2237,83,1259722,391434,757,392191,31.13,,HENOCK,
21,3,1_1_1_135_255,KATUMBI,ENSEMBLE,M,Tanganyika,311507,79.58,1850,2237,83,1259722,391434,757,392191,31.13,CHAPWE,MOISE,
22,25,1_1_1_152_272,BILE,INDEPENDANT,F,Lomami,97,0.02,2181,2549,86,1279171,595330,206,595536,46.56,BATALI,JOELLE,
22,15,1_1_1_134_254,MUKWEGE,INDEPENDANT,M,Lomami,79,0.01,2181,2549,86,1279171,595330,206,595536,46.56,MUKENGERE,DENIS,
22,22,1_1_1_128_248,MATATA,LGD,M,Lomami,135,0.02,2181,2549,86,1279171,595330,206,595536,46.56,PONYO,MAPON,
22,11,1_1_1_150_270,KIKUNI,INDEPENDANT,M,Lomami,79,0.01,2181,2549,86,1279171,595330,206,595536,46.56,MASUDI,SETH,
22,19,1_1_1_141_261,TSHIANI K,INDEPENDANT,M,Lomami,146,0.02,2181,2549,86,1279171,595330,206,595536,46.56,MUADIAMVITA,NOEL,
22,3,1_1_1_135_255,KATUMBI,ENSEMBLE,M,Lomami,5392,0.91,2181,2549,86,1279171,595330,206,595536,46.56,CHAPWE,MOISE,
22,1,1_1_1_131_251,RADJABHO,CUC,M,Lomami,1311,0.22,2181,2549,86,1279171,595330,206,595536,46.56,TEBABHO,SOBORABO,
22,5,1_1_1_145_265,ANZULUNI,INDEPENDANT,M,Lomami,157,0.03,2181,2549,86,1279171,595330,206,595536,46.56,ISILOKETSHI,FLORIBERT,
22,9,1_1_1_139_259,IFOKU,INDEPENDANT,F,Lomami,179,0.03,2181,2549,86,1279171,595330,206,595536,46.56,MPUTA MPUNGA,MARIE-JOSEE,
22,16,1_1_1_136_256,NGALASI,INDEPENDANT,M,Lomami,85,0.01,2181,2549,86,1279171,595330,206,595536,46.56,KURISINI,AGGREY,
22,7,1_1_1_142_262,BOLAMBA,INDEPENDANT,M,Lomami,135,0.02,2181,2549,86,1279171,595330,206,595536,46.56,,TONY CASSIUS,
22,14,1_1_1_138_258,MUDEKEREZA,INDEPENDANT,M,Lomami,85,0.01,2181,2549,86,1279171,595330,206,595536,46.56,BISIMWA,JUSTIN,
22,13,1_1_1_147_267,MASALU,INDEPENDANT,M,Lomami,203,0.03,2181,2549,86,1279171,595330,206,595536,46.56,ANEDU,ANDRE,
22,21,1_1_1_137_257,FAYULU,LAMUKAFAYULU,M,Lomami,934,0.16,2181,2549,86,1279171,595330,206,595536,46.56,MADIDI,MARTIN,
22,4,1_1_1_149_269,SESANGA,ENVOL,M,Lomami,248,0.04,2181,2549,86,1279171,595330,206,595536,46.56,HIPUNGU DJA KASENG KAPITU,DELLY,
22,2,1_1_1_129_249,MUTAMBA,DYPRO,M,Lomami,13227,2.22,2181,2549,86,1279171,595330,206,595536,46.56,TUNGUNGA,CONSTANT,
22,10,1_1_1_130_250,KAZADI,INDEPENDANT,M,Lomami,125,0.02,2181,2549,86,1279171,595330,206,595536,46.56,KANDA,REX,
22,6,1_1_1_148_268,BAENDE,INDEPENDANT,M,Lomami,152,0.03,2181,2549,86,1279171,595330,206,595536,46.56,ETAFE ELIKO,JEAN CLAUDE,
22,17,1_1_1_146_266,NGOY,INDEPENDANT,M,Lomami,62,0.01,2181,2549,86,1279171,595330,206,595536,46.56,ILUNGA WA NSENGA,THEODORE,
22,8,1_1_1_140_260,BUSE,INDEPENDANT,M,Lomami,109,0.02,2181,2549,86,1279171,595330,206,595536,46.56,FALAY,GEORGES,
22,23,1_1_1_132_252,DIONGO,MLP,M,Lomami,75,0.01,2181,2549,86,1279171,595330,206,595536,46.56,SHAMBA,FRANCK,
22,24,1_1_1_133_253,MUZITO,NOU.EL,M,Lomami,85,0.01,2181,2549,86,1279171,595330,206,595536,46.56,FUMUTSHI,ADOLPHE,
22,26,1_1_1_153_273,NGILA,INDEPENDANT,M,Lomami,90,0.02,2181,2549,86,1279171,595330,206,595536,46.56,,HENOCK,
22,12,1_1_1_151_271,MAJONDO,INDEPENDANT,M,Lomami,202,0.03,2181,2549,86,1279171,595330,206,595536,46.56,MWAMBA,PATRICE,
22,20,1_1_1_143_263,TSHISEKEDI,INDEPENDANT,M,Lomami,571855,96.06,2181,2549,86,1279171,595330,206,595536,46.56,TSHILOMBO,FELIX ANTOINE,
22,18,1_1_1_144_264,NKEMA LILOO,INDEPENDANT,M,Lomami,83,0.01,2181,2549,86,1279171,595330,206,595536,46.56,BOKONZI,LOLI,
23,23,1_1_1_132_252,DIONGO,MLP,M,Sankuru,545,0.08,1972,2444,81,1039924,699469,641,700110,67.32,SHAMBA,FRANCK,
23,8,1_1_1_140_260,BUSE,INDEPENDANT,M,Sankuru,125,0.02,1972,2444,81,1039924,699469,641,700110,67.32,FALAY,GEORGES,
23,26,1_1_1_153_273,NGILA,INDEPENDANT,M,Sankuru,96,0.01,1972,2444,81,1039924,699469,641,700110,67.32,,HENOCK,
23,12,1_1_1_151_271,MAJONDO,INDEPENDANT,M,Sankuru,307,0.04,1972,2444,81,1039924,699469,641,700110,67.32,MWAMBA,PATRICE,
23,22,1_1_1_128_248,MATATA,LGD,M,Sankuru,362,0.05,1972,2444,81,1039924,699469,641,700110,67.32,PONYO,MAPON,
23,10,1_1_1_130_250,KAZADI,INDEPENDANT,M,Sankuru,152,0.02,1972,2444,81,1039924,699469,641,700110,67.32,KANDA,REX,
23,13,1_1_1_147_267,MASALU,INDEPENDANT,M,Sankuru,226,0.03,1972,2444,81,1039924,699469,641,700110,67.32,ANEDU,ANDRE,
23,2,1_1_1_129_249,MUTAMBA,DYPRO,M,Sankuru,906,0.13,1972,2444,81,1039924,699469,641,700110,67.32,TUNGUNGA,CONSTANT,
23,21,1_1_1_137_257,FAYULU,LAMUKAFAYULU,M,Sankuru,2494,0.36,1972,2444,81,1039924,699469,641,700110,67.32,MADIDI,MARTIN,
23,4,1_1_1_149_269,SESANGA,ENVOL,M,Sankuru,389,0.06,1972,2444,81,1039924,699469,641,700110,67.32,HIPUNGU DJA KASENG KAPITU,DELLY,
23,14,1_1_1_138_258,MUDEKEREZA,INDEPENDANT,M,Sankuru,81,0.01,1972,2444,81,1039924,699469,641,700110,67.32,BISIMWA,JUSTIN,
23,7,1_1_1_142_262,BOLAMBA,INDEPENDANT,M,Sankuru,197,0.03,1972,2444,81,1039924,699469,641,700110,67.32,,TONY CASSIUS,
23,16,1_1_1_136_256,NGALASI,INDEPENDANT,M,Sankuru,53,0.01,1972,2444,81,1039924,699469,641,700110,67.32,KURISINI,AGGREY,
23,9,1_1_1_139_259,IFOKU,INDEPENDANT,F,Sankuru,471,0.07,1972,2444,81,1039924,699469,641,700110,67.32,MPUTA MPUNGA,MARIE-JOSEE,
23,5,1_1_1_145_265,ANZULUNI,INDEPENDANT,M,Sankuru,201,0.03,1972,2444,81,1039924,699469,641,700110,67.32,ISILOKETSHI,FLORIBERT,
23,18,1_1_1_144_264,NKEMA LILOO,INDEPENDANT,M,Sankuru,121,0.02,1972,2444,81,1039924,699469,641,700110,67.32,BOKONZI,LOLI,
23,3,1_1_1_135_255,KATUMBI,ENSEMBLE,M,Sankuru,59023,8.44,1972,2444,81,1039924,699469,641,700110,67.32,CHAPWE,MOISE,
23,1,1_1_1_131_251,RADJABHO,CUC,M,Sankuru,618,0.09,1972,2444,81,1039924,699469,641,700110,67.32,TEBABHO,SOBORABO,
23,11,1_1_1_150_270,KIKUNI,INDEPENDANT,M,Sankuru,265,0.04,1972,2444,81,1039924,699469,641,700110,67.32,MASUDI,SETH,
23,24,1_1_1_133_253,MUZITO,NOU.EL,M,Sankuru,180,0.03,1972,2444,81,1039924,699469,641,700110,67.32,FUMUTSHI,ADOLPHE,
23,17,1_1_1_146_266,NGOY,INDEPENDANT,M,Sankuru,89,0.01,1972,2444,81,1039924,699469,641,700110,67.32,ILUNGA WA NSENGA,THEODORE,
23,15,1_1_1_134_254,MUKWEGE,INDEPENDANT,M,Sankuru,117,0.02,1972,2444,81,1039924,699469,641,700110,67.32,MUKENGERE,DENIS,
23,6,1_1_1_148_268,BAENDE,INDEPENDANT,M,Sankuru,266,0.04,1972,2444,81,1039924,699469,641,700110,67.32,ETAFE ELIKO,JEAN CLAUDE,
23,19,1_1_1_141_261,TSHIANI K,INDEPENDANT,M,Sankuru,387,0.06,1972,2444,81,1039924,699469,641,700110,67.32,MUADIAMVITA,NOEL,
23,20,1_1_1_143_263,TSHISEKEDI,INDEPENDANT,M,Sankuru,631504,90.28,1972,2444,81,1039924,699469,641,700110,67.32,TSHILOMBO,FELIX ANTOINE,
23,25,1_1_1_152_272,BILE,INDEPENDANT,F,Sankuru,294,0.04,1972,2444,81,1039924,699469,641,700110,67.32,BATALI,JOELLE,
24,18,1_1_1_144_264,NKEMA LILOO,INDEPENDANT,M,Kasai Oriental,40,0.01,1879,2035,92,1125004,543377,85,543462,48.31,BOKONZI,LOLI,
24,13,1_1_1_147_267,MASALU,INDEPENDANT,M,Kasai Oriental,126,0.02,1879,2035,92,1125004,543377,85,543462,48.31,ANEDU,ANDRE,
24,10,1_1_1_130_250,KAZADI,INDEPENDANT,M,Kasai Oriental,31,0.01,1879,2035,92,1125004,543377,85,543462,48.31,KANDA,REX,
24,9,1_1_1_139_259,IFOKU,INDEPENDANT,F,Kasai Oriental,76,0.01,1879,2035,92,1125004,543377,85,543462,48.31,MPUTA MPUNGA,MARIE-JOSEE,
24,14,1_1_1_138_258,MUDEKEREZA,INDEPENDANT,M,Kasai Oriental,41,0.01,1879,2035,92,1125004,543377,85,543462,48.31,BISIMWA,JUSTIN,
24,20,1_1_1_143_263,TSHISEKEDI,INDEPENDANT,M,Kasai Oriental,540800,99.53,1879,2035,92,1125004,543377,85,543462,48.31,TSHILOMBO,FELIX ANTOINE,
24,19,1_1_1_141_261,TSHIANI K,INDEPENDANT,M,Kasai Oriental,52,0.01,1879,2035,92,1125004,543377,85,543462,48.31,MUADIAMVITA,NOEL,
24,24,1_1_1_133_253,MUZITO,NOU.EL,M,Kasai Oriental,39,0.01,1879,2035,92,1125004,543377,85,543462,48.31,FUMUTSHI,ADOLPHE,
24,17,1_1_1_146_266,NGOY,INDEPENDANT,M,Kasai Oriental,24,0,1879,2035,92,1125004,543377,85,543462,48.31,ILUNGA WA NSENGA,THEODORE,
24,12,1_1_1_151_271,MAJONDO,INDEPENDANT,M,Kasai Oriental,99,0.02,1879,2035,92,1125004,543377,85,543462,48.31,MWAMBA,PATRICE,
24,23,1_1_1_132_252,DIONGO,MLP,M,Kasai Oriental,29,0.01,1879,2035,92,1125004,543377,85,543462,48.31,SHAMBA,FRANCK,
24,15,1_1_1_134_254,MUKWEGE,INDEPENDANT,M,Kasai Oriental,37,0.01,1879,2035,92,1125004,543377,85,543462,48.31,MUKENGERE,DENIS,
24,1,1_1_1_131_251,RADJABHO,CUC,M,Kasai Oriental,711,0.13,1879,2035,92,1125004,543377,85,543462,48.31,TEBABHO,SOBORABO,
24,21,1_1_1_137_257,FAYULU,LAMUKAFAYULU,M,Kasai Oriental,184,0.03,1879,2035,92,1125004,543377,85,543462,48.31,MADIDI,MARTIN,
24,7,1_1_1_142_262,BOLAMBA,INDEPENDANT,M,Kasai Oriental,66,0.01,1879,2035,92,1125004,543377,85,543462,48.31,,TONY CASSIUS,
24,26,1_1_1_153_273,NGILA,INDEPENDANT,M,Kasai Oriental,36,0.01,1879,2035,92,1125004,543377,85,543462,48.31,,HENOCK,
24,22,1_1_1_128_248,MATATA,LGD,M,Kasai Oriental,53,0.01,1879,2035,92,1125004,543377,85,543462,48.31,PONYO,MAPON,
24,5,1_1_1_145_265,ANZULUNI,INDEPENDANT,M,Kasai Oriental,70,0.01,1879,2035,92,1125004,543377,85,543462,48.31,ISILOKETSHI,FLORIBERT,
24,25,1_1_1_152_272,BILE,INDEPENDANT,F,Kasai Oriental,59,0.01,1879,2035,92,1125004,543377,85,543462,48.31,BATALI,JOELLE,
24,4,1_1_1_149_269,SESANGA,ENVOL,M,Kasai Oriental,92,0.02,1879,2035,92,1125004,543377,85,543462,48.31,HIPUNGU DJA KASENG KAPITU,DELLY,
24,6,1_1_1_148_268,BAENDE,INDEPENDANT,M,Kasai Oriental,59,0.01,1879,2035,92,1125004,543377,85,543462,48.31,ETAFE ELIKO,JEAN CLAUDE,
24,8,1_1_1_140_260,BUSE,INDEPENDANT,M,Kasai Oriental,29,0.01,1879,2035,92,1125004,543377,85,543462,48.31,FALAY,GEORGES,
24,3,1_1_1_135_255,KATUMBI,ENSEMBLE,M,Kasai Oriental,291,0.05,1879,2035,92,1125004,543377,85,543462,48.31,CHAPWE,MOISE,
24,16,1_1_1_136_256,NGALASI,INDEPENDANT,M,Kasai Oriental,26,0,1879,2035,92,1125004,543377,85,543462,48.31,KURISINI,AGGREY,
24,2,1_1_1_129_249,MUTAMBA,DYPRO,M,Kasai Oriental,258,0.05,1879,2035,92,1125004,543377,85,543462,48.31,TUNGUNGA,CONSTANT,
24,11,1_1_1_150_270,KIKUNI,INDEPENDANT,M,Kasai Oriental,49,0.01,1879,2035,92,1125004,543377,85,543462,48.31,MASUDI,SETH,
25,17,1_1_1_146_266,NGOY,INDEPENDANT,M,Kasai,47,0,2690,3209,84,1681469,1080176,497,1080673,64.27,ILUNGA WA NSENGA,THEODORE,
25,7,1_1_1_142_262,BOLAMBA,INDEPENDANT,M,Kasai,94,0.01,2690,3209,84,1681469,1080176,497,1080673,64.27,,TONY CASSIUS,
25,20,1_1_1_143_263,TSHISEKEDI,INDEPENDANT,M,Kasai,1030300,95.38,2690,3209,84,1681469,1080176,497,1080673,64.27,TSHILOMBO,FELIX ANTOINE,
25,18,1_1_1_144_264,NKEMA LILOO,INDEPENDANT,M,Kasai,86,0.01,2690,3209,84,1681469,1080176,497,1080673,64.27,BOKONZI,LOLI,
25,5,1_1_1_145_265,ANZULUNI,INDEPENDANT,M,Kasai,939,0.09,2690,3209,84,1681469,1080176,497,1080673,64.27,ISILOKETSHI,FLORIBERT,
25,11,1_1_1_150_270,KIKUNI,INDEPENDANT,M,Kasai,129,0.01,2690,3209,84,1681469,1080176,497,1080673,64.27,MASUDI,SETH,
25,26,1_1_1_153_273,NGILA,INDEPENDANT,M,Kasai,106,0.01,2690,3209,84,1681469,1080176,497,1080673,64.27,,HENOCK,
25,22,1_1_1_128_248,MATATA,LGD,M,Kasai,186,0.02,2690,3209,84,1681469,1080176,497,1080673,64.27,PONYO,MAPON,
25,2,1_1_1_129_249,MUTAMBA,DYPRO,M,Kasai,246,0.02,2690,3209,84,1681469,1080176,497,1080673,64.27,TUNGUNGA,CONSTANT,
25,25,1_1_1_152_272,BILE,INDEPENDANT,F,Kasai,146,0.01,2690,3209,84,1681469,1080176,497,1080673,64.27,BATALI,JOELLE,
25,10,1_1_1_130_250,KAZADI,INDEPENDANT,M,Kasai,68,0.01,2690,3209,84,1681469,1080176,497,1080673,64.27,KANDA,REX,
25,1,1_1_1_131_251,RADJABHO,CUC,M,Kasai,540,0.05,2690,3209,84,1681469,1080176,497,1080673,64.27,TEBABHO,SOBORABO,
25,12,1_1_1_151_271,MAJONDO,INDEPENDANT,M,Kasai,274,0.03,2690,3209,84,1681469,1080176,497,1080673,64.27,MWAMBA,PATRICE,
25,23,1_1_1_132_252,DIONGO,MLP,M,Kasai,141,0.01,2690,3209,84,1681469,1080176,497,1080673,64.27,SHAMBA,FRANCK,
25,24,1_1_1_133_253,MUZITO,NOU.EL,M,Kasai,16696,1.55,2690,3209,84,1681469,1080176,497,1080673,64.27,FUMUTSHI,ADOLPHE,
25,15,1_1_1_134_254,MUKWEGE,INDEPENDANT,M,Kasai,129,0.01,2690,3209,84,1681469,1080176,497,1080673,64.27,MUKENGERE,DENIS,
25,13,1_1_1_147_267,MASALU,INDEPENDANT,M,Kasai,155,0.01,2690,3209,84,1681469,1080176,497,1080673,64.27,ANEDU,ANDRE,
25,3,1_1_1_135_255,KATUMBI,ENSEMBLE,M,Kasai,24894,2.3,2690,3209,84,1681469,1080176,497,1080673,64.27,CHAPWE,MOISE,
25,8,1_1_1_140_260,BUSE,INDEPENDANT,M,Kasai,53,0,2690,3209,84,1681469,1080176,497,1080673,64.27,FALAY,GEORGES,
25,9,1_1_1_139_259,IFOKU,INDEPENDANT,F,Kasai,247,0.02,2690,3209,84,1681469,1080176,497,1080673,64.27,MPUTA MPUNGA,MARIE-JOSEE,
25,19,1_1_1_141_261,TSHIANI K,INDEPENDANT,M,Kasai,269,0.02,2690,3209,84,1681469,1080176,497,1080673,64.27,MUADIAMVITA,NOEL,
25,6,1_1_1_148_268,BAENDE,INDEPENDANT,M,Kasai,89,0.01,2690,3209,84,1681469,1080176,497,1080673,64.27,ETAFE ELIKO,JEAN CLAUDE,
25,16,1_1_1_136_256,NGALASI,INDEPENDANT,M,Kasai,185,0.02,2690,3209,84,1681469,1080176,497,1080673,64.27,KURISINI,AGGREY,
25,14,1_1_1_138_258,MUDEKEREZA,INDEPENDANT,M,Kasai,176,0.02,2690,3209,84,1681469,1080176,497,1080673,64.27,BISIMWA,JUSTIN,
25,21,1_1_1_137_257,FAYULU,LAMUKAFAYULU,M,Kasai,3581,0.33,2690,3209,84,1681469,1080176,497,1080673,64.27,MADIDI,MARTIN,
25,4,1_1_1_149_269,SESANGA,ENVOL,M,Kasai,400,0.04,2690,3209,84,1681469,1080176,497,1080673,64.27,HIPUNGU DJA KASENG KAPITU,DELLY,
26,15,1_1_1_134_254,MUKWEGE,INDEPENDANT,M,Kasai Central,31,0,2588,3385,76,1671413,1009178,185,1009363,60.39,MUKENGERE,DENIS,
26,5,1_1_1_145_265,ANZULUNI,INDEPENDANT,M,Kasai Central,54,0.01,2588,3385,76,1671413,1009178,185,1009363,60.39,ISILOKETSHI,FLORIBERT,
26,19,1_1_1_141_261,TSHIANI K,INDEPENDANT,M,Kasai Central,83,0.01,2588,3385,76,1671413,1009178,185,1009363,60.39,MUADIAMVITA,NOEL,
26,22,1_1_1_128_248,MATATA,LGD,M,Kasai Central,53,0.01,2588,3385,76,1671413,1009178,185,1009363,60.39,PONYO,MAPON,
26,26,1_1_1_153_273,NGILA,INDEPENDANT,M,Kasai Central,19,0,2588,3385,76,1671413,1009178,185,1009363,60.39,,HENOCK,
26,2,1_1_1_129_249,MUTAMBA,DYPRO,M,Kasai Central,274,0.03,2588,3385,76,1671413,1009178,185,1009363,60.39,TUNGUNGA,CONSTANT,
26,7,1_1_1_142_262,BOLAMBA,INDEPENDANT,M,Kasai Central,26,0,2588,3385,76,1671413,1009178,185,1009363,60.39,,TONY CASSIUS,
26,8,1_1_1_140_260,BUSE,INDEPENDANT,M,Kasai Central,25,0,2588,3385,76,1671413,1009178,185,1009363,60.39,FALAY,GEORGES,
26,1,1_1_1_131_251,RADJABHO,CUC,M,Kasai Central,265,0.03,2588,3385,76,1671413,1009178,185,1009363,60.39,TEBABHO,SOBORABO,
26,9,1_1_1_139_259,IFOKU,INDEPENDANT,F,Kasai Central,77,0.01,2588,3385,76,1671413,1009178,185,1009363,60.39,MPUTA MPUNGA,MARIE-JOSEE,
26,21,1_1_1_137_257,FAYULU,LAMUKAFAYULU,M,Kasai Central,425,0.04,2588,3385,76,1671413,1009178,185,1009363,60.39,MADIDI,MARTIN,
26,20,1_1_1_143_263,TSHISEKEDI,INDEPENDANT,M,Kasai Central,1005057,99.59,2588,3385,76,1671413,1009178,185,1009363,60.39,TSHILOMBO,FELIX ANTOINE,
26,3,1_1_1_135_255,KATUMBI,ENSEMBLE,M,Kasai Central,1756,0.17,2588,3385,76,1671413,1009178,185,1009363,60.39,CHAPWE,MOISE,
26,18,1_1_1_144_264,NKEMA LILOO,INDEPENDANT,M,Kasai Central,26,0,2588,3385,76,1671413,1009178,185,1009363,60.39,BOKONZI,LOLI,
26,23,1_1_1_132_252,DIONGO,MLP,M,Kasai Central,25,0,2588,3385,76,1671413,1009178,185,1009363,60.39,SHAMBA,FRANCK,
26,14,1_1_1_138_258,MUDEKEREZA,INDEPENDANT,M,Kasai Central,26,0,2588,3385,76,1671413,1009178,185,1009363,60.39,BISIMWA,JUSTIN,
26,24,1_1_1_133_253,MUZITO,NOU.EL,M,Kasai Central,63,0.01,2588,3385,76,1671413,1009178,185,1009363,60.39,FUMUTSHI,ADOLPHE,
26,16,1_1_1_136_256,NGALASI,INDEPENDANT,M,Kasai Central,51,0.01,2588,3385,76,1671413,1009178,185,1009363,60.39,KURISINI,AGGREY,
26,10,1_1_1_130_250,KAZADI,INDEPENDANT,M,Kasai Central,58,0.01,2588,3385,76,1671413,1009178,185,1009363,60.39,KANDA,REX,
26,11,1_1_1_150_270,KIKUNI,INDEPENDANT,M,Kasai Central,28,0,2588,3385,76,1671413,1009178,185,1009363,60.39,MASUDI,SETH,
26,4,1_1_1_149_269,SESANGA,ENVOL,M,Kasai Central,513,0.05,2588,3385,76,1671413,1009178,185,1009363,60.39,HIPUNGU DJA KASENG KAPITU,DELLY,
26,12,1_1_1_151_271,MAJONDO,INDEPENDANT,M,Kasai Central,97,0.01,2588,3385,76,1671413,1009178,185,1009363,60.39,MWAMBA,PATRICE,
26,17,1_1_1_146_266,NGOY,INDEPENDANT,M,Kasai Central,17,0,2588,3385,76,1671413,1009178,185,1009363,60.39,ILUNGA WA NSENGA,THEODORE,
26,13,1_1_1_147_267,MASALU,INDEPENDANT,M,Kasai Central,60,0.01,2588,3385,76,1671413,1009178,185,1009363,60.39,ANEDU,ANDRE,
26,25,1_1_1_152_272,BILE,INDEPENDANT,F,Kasai Central,26,0,2588,3385,76,1671413,1009178,185,1009363,60.39,BATALI,JOELLE,
26,6,1_1_1_148_268,BAENDE,INDEPENDANT,M,Kasai Central,43,0,2588,3385,76,1671413,1009178,185,1009363,60.39,ETAFE ELIKO,JEAN CLAUDE,
27,,1_1_1_129_249,MUTAMBA,DYPRO,M,,2,0.13918,,,,,,,,,TUNGUNGA,CONSTANT,
27,,1_1_1_131_251,RADJABHO,CUC,M,,1,0.06959,,,,,,,,,TEBABHO,SOBORABO,
27,,1_1_1_132_252,DIONGO,MLP,M,,1,0.06959,,,,,,,,,SHAMBA,FRANCK,
27,,1_1_1_133_253,MUZITO,NOU.EL,M,,1,0.06959,,,,,,,,,FUMUTSHI,ADOLPHE,
27,,1_1_1_134_254,MUKWEGE,INDEPENDANT,M,,31,2.15727,,,,,,,,,MUKENGERE,DENIS,
27,,1_1_1_135_255,KATUMBI,ENSEMBLE,M,,195,13.56994,,,,,,,,,CHAPWE,MOISE,
27,,1_1_1_136_256,NGALASI,INDEPENDANT,M,,2,0.13918,,,,,,,,,KURISINI,AGGREY,
27,,1_1_1_137_257,FAYULU,LAMUKAFAYULU,M,,30,2.08768,,,,,,,,,MADIDI,MARTIN,
27,,1_1_1_140_260,BUSE,INDEPENDANT,M,,1,0.06959,,,,,,,,,FALAY,GEORGES,
27,,1_1_1_143_263,TSHISEKEDI,INDEPENDANT,M,,1167,81.21086,,,,,,,,,TSHILOMBO,FELIX ANTOINE,
27,,1_1_1_145_265,ANZULUNI,INDEPENDANT,M,,5,0.34795,,,,,,,,,ISILOKETSHI,FLORIBERT,
27,,1_1_1_999_999,votes blancs,,,,1,0.06959,,,,,,,,,,,
28,,1_1_1_132_252,DIONGO,MLP,M,,1,0.06974,,,,,,,,,SHAMBA,FRANCK,
28,,1_1_1_133_253,MUZITO,NOU.EL,M,,2,0.13947,,,,,,,,,FUMUTSHI,ADOLPHE,
28,,1_1_1_134_254,MUKWEGE,INDEPENDANT,M,,65,4.53278,,,,,,,,,MUKENGERE,DENIS,
28,,1_1_1_135_255,KATUMBI,ENSEMBLE,M,,207,14.43515,,,,,,,,,CHAPWE,MOISE,
28,,1_1_1_136_256,NGALASI,INDEPENDANT,M,,4,0.27894,,,,,,,,,KURISINI,AGGREY,
28,,1_1_1_137_257,FAYULU,LAMUKAFAYULU,M,,52,3.62622,,,,,,,,,MADIDI,MARTIN,
28,,1_1_1_139_259,IFOKU,INDEPENDANT,F,,4,0.27894,,,,,,,,,MPUTA MPUNGA,MARIE-JOSEE,
28,,1_1_1_143_263,TSHISEKEDI,INDEPENDANT,M,,1086,75.73222,,,,,,,,,TSHILOMBO,FELIX ANTOINE,
28,,1_1_1_144_264,NKEMA LILOO,INDEPENDANT,M,,1,0.06974,,,,,,,,,BOKONZI,LOLI,
28,,1_1_1_999_999,votes blancs,,,,12,0.83682,,,,,,,,,,,
29,,1_1_1_133_253,MUZITO,NOU.EL,M,,1,0.33003,,,,,,,,,FUMUTSHI,ADOLPHE,
29,,1_1_1_134_254,MUKWEGE,INDEPENDANT,M,,10,3.30033,,,,,,,,,MUKENGERE,DENIS,
29,,1_1_1_135_255,KATUMBI,ENSEMBLE,M,,54,17.82178,,,,,,,,,CHAPWE,MOISE,
29,,1_1_1_136_256,NGALASI,INDEPENDANT,M,,1,0.33003,,,,,,,,,KURISINI,AGGREY,
29,,1_1_1_137_257,FAYULU,LAMUKAFAYULU,M,,13,4.29043,,,,,,,,,MADIDI,MARTIN,
29,,1_1_1_139_259,IFOKU,INDEPENDANT,F,,1,0.33003,,,,,,,,,MPUTA MPUNGA,MARIE-JOSEE,
29,,1_1_1_141_261,TSHIANI K,INDEPENDANT,M,,2,0.66007,,,,,,,,,MUADIAMVITA,NOEL,
29,,1_1_1_143_263,TSHISEKEDI,INDEPENDANT,M,,217,71.61716,,,,,,,,,TSHILOMBO,FELIX ANTOINE,
29,,1_1_1_144_264,NKEMA LILOO,INDEPENDANT,M,,1,0.33003,,,,,,,,,BOKONZI,LOLI,
29,,1_1_1_999_999,votes blancs,,,,3,0.99010,,,,,,,,,,,
30,,1_1_1_134_254,MUKWEGE,INDEPENDANT,M,,6,3.72671,,,,,,,,,MUKENGERE,DENIS,
30,,1_1_1_135_255,KATUMBI,ENSEMBLE,M,,18,11.18012,,,,,,,,,CHAPWE,MOISE,
30,,1_1_1_137_257,FAYULU,LAMUKAFAYULU,M,,6,3.72671,,,,,,,,,MADIDI,MARTIN,
30,,1_1_1_139_259,IFOKU,INDEPENDANT,F,,3,1.86335,,,,,,,,,MPUTA MPUNGA,MARIE-JOSEE,
30,,1_1_1_143_263,TSHISEKEDI,INDEPENDANT,M,,127,78.88199,,,,,,,,,TSHILOMBO,FELIX ANTOINE,
30,,1_1_1_145_265,ANZULUNI,INDEPENDANT,M,,1,0.62112,,,,,,,,,ISILOKETSHI,FLORIBERT,
30,,1_1_1_999_999,votes blancs,,,,0,0.00000,,,,,,,,,,,
31,,1_1_1_150_270,KIKUNI,INDEPENDANT,M,,1,0.05013,,,,,,,,,MASUDI,SETH,
31,,1_1_1_152_272,BILE,INDEPENDANT,F,,3,0.15038,,,,,,,,,BATALI,JOELLE,
31,,1_1_1_130_250,KAZADI,INDEPENDANT,M,,5,0.25063,,,,,,,,,KANDA,REX,
31,,1_1_1_132_252,DIONGO,MLP,M,,1,0.05013,,,,,,,,,SHAMBA,FRANCK,
31,,1_1_1_133_253,MUZITO,NOU.EL,M,,2,0.10025,,,,,,,,,FUMUTSHI,ADOLPHE,
31,,1_1_1_134_254,MUKWEGE,INDEPENDANT,M,,50,2.50627,,,,,,,,,MUKENGERE,DENIS,
31,,1_1_1_135_255,KATUMBI,ENSEMBLE,M,,110,5.51378,,,,,,,,,CHAPWE,MOISE,
31,,1_1_1_136_256,NGALASI,INDEPENDANT,M,,3,0.15038,,,,,,,,,KURISINI,AGGREY,
31,,1_1_1_137_257,FAYULU,LAMUKAFAYULU,M,,101,5.06266,,,,,,,,,MADIDI,MARTIN,
31,,1_1_1_139_259,IFOKU,INDEPENDANT,F,,6,0.30075,,,,,,,,,MPUTA MPUNGA,MARIE-JOSEE,
31,,1_1_1_140_260,BUSE,INDEPENDANT,M,,1,0.05013,,,,,,,,,FALAY,GEORGES,
31,,1_1_1_141_261,TSHIANI K,INDEPENDANT,M,,1,0.05013,,,,,,,,,MUADIAMVITA,NOEL,
31,,1_1_1_143_263,TSHISEKEDI,INDEPENDANT,M,,1697,85.06266,,,,,,,,,TSHILOMBO,FELIX ANTOINE,
31,,1_1_1_149_269,SESANGA,ENVOL,M,,2,0.10025,,,,,,,,,HIPUNGU DJA KASENG KAPITU,DELLY,
31,,1_1_1_999_999,votes blancs,,,,12,0.60150,,,,,,,,,,,
